anio,semana,casos_dengue,temperatura_promedio,precipitacion_acumulada,temperatura_lag2,precipitacion_lag2,temperatura_lag4,precipitacion_lag4,casos_dengue_semana_siguiente
2017,1,98,20.30386904761905,11.716,,,,,99.0
2017,2,99,19.29287918871252,1.039,,,,,80.0
2017,3,80,19.181688311688312,30.721,20.30386904761905,11.716,,,68.0
2017,4,68,20.63125,,19.29287918871252,1.039,,,58.0
2017,5,58,21.18005952380953,1.5950000000000002,19.181688311688312,30.721,20.30386904761905,11.716,53.0
2017,6,53,21.40803571428572,1.893,20.63125,,19.29287918871252,1.039,48.0
2017,7,48,20.37551504134588,10.851,21.18005952380953,1.5950000000000002,19.181688311688312,30.721,48.0
2017,8,48,19.97134776095869,120.549,21.40803571428572,1.893,20.63125,,53.0
2017,9,53,20.148988095238096,38.852,20.37551504134588,10.851,21.18005952380953,1.5950000000000002,51.0
2017,10,51,19.051488095238096,106.376,19.97134776095869,120.549,21.40803571428572,1.893,38.0
2017,11,38,19.25224358974359,94.742,20.148988095238096,38.852,20.37551504134588,10.851,42.0
2017,12,42,19.27172619047619,105.098,19.051488095238096,106.376,19.97134776095869,120.549,42.0
2017,13,42,20.10198578746122,172.739,19.25224358974359,94.742,20.148988095238096,38.852,53.0
2017,14,53,21.110778443113773,44.946,19.27172619047619,105.098,19.051488095238096,106.376,44.0
2017,15,44,20.37648809523809,28.35,20.10198578746122,172.739,19.25224358974359,94.742,60.0
2017,16,60,20.133928571428577,33.571,21.110778443113773,44.946,19.27172619047619,105.098,40.0
2017,17,40,20.7125,120.792,20.37648809523809,28.35,20.10198578746122,172.739,39.0
2017,18,39,19.254166666666663,115.362,20.133928571428577,33.571,21.110778443113773,44.946,43.0
2017,19,43,19.3641502708868,98.997,20.7125,120.792,20.37648809523809,28.35,50.0
2017,20,50,20.583057100085547,147.251,19.254166666666663,115.362,20.133928571428577,33.571,45.0
2017,21,45,21.50029761904762,5.035,19.3641502708868,98.997,20.7125,120.792,44.0
2017,22,44,22.031569004847448,18.01,20.583057100085547,147.251,19.254166666666663,115.362,34.0
2017,23,34,20.687693452380955,103.055,21.50029761904762,5.035,19.3641502708868,98.997,39.0
2017,24,39,19.27596770744226,73.822,22.031569004847448,18.01,20.583057100085547,147.251,27.0
2017,25,27,20.3,58.189,20.687693452380955,103.055,21.50029761904762,5.035,40.0
2017,26,40,20.762824675324676,106.402,19.27596770744226,73.822,22.031569004847448,18.01,51.0
2017,27,51,22.02601351351351,6.064,20.3,58.189,20.687693452380955,103.055,51.0
2017,28,51,19.86391694725028,18.069,20.762824675324676,106.402,19.27596770744226,73.822,40.0
2017,29,40,21.29785973229225,23.009,22.02601351351351,6.064,20.3,58.189,35.0
2017,30,35,22.08030821917809,0.325,19.86391694725028,18.069,20.762824675324676,106.402,35.0
2017,31,35,20.83987279843444,27.232,21.29785973229225,23.009,22.02601351351351,6.064,30.0
2017,32,30,21.427187461811076,62.252,22.08030821917809,0.325,19.86391694725028,18.069,14.0
2017,33,14,20.811791944062183,80.828,20.83987279843444,27.232,21.29785973229225,23.009,43.0
2017,34,43,20.984730538922157,27.446,21.427187461811076,62.252,22.08030821917809,0.325,31.0
2017,35,31,20.95571535500428,45.767,20.811791944062183,80.828,20.83987279843444,27.232,30.0
2017,36,30,20.048809523809524,138.48200000000003,20.984730538922157,27.446,21.427187461811076,62.252,39.0
2017,37,39,20.543082368082366,108.944,20.95571535500428,45.767,20.811791944062183,80.828,39.0
2017,38,39,20.53001290877797,83.201,20.048809523809524,138.48200000000003,20.984730538922157,27.446,43.0
2017,39,43,19.83614982578397,60.737,20.543082368082366,108.944,20.95571535500428,45.767,32.0
2017,40,32,19.5602991355778,95.911,20.53001290877797,83.201,20.048809523809524,138.48200000000003,33.0
2017,41,33,20.35522772636545,22.633000000000003,19.83614982578397,60.737,20.543082368082366,108.944,27.0
2017,42,27,21.79917857142857,36.388,19.5602991355778,95.911,20.53001290877797,83.201,28.0
2017,43,28,18.59555860805861,42.842,20.35522772636545,22.633000000000003,19.83614982578397,60.737,26.0
2017,44,26,19.52467532467532,51.764,21.79917857142857,36.388,19.5602991355778,95.911,25.0
2017,45,25,19.95096585804133,8.887,18.59555860805861,42.842,20.35522772636545,22.633000000000003,23.0
2017,46,23,19.21347147349506,104.486,19.52467532467532,51.764,21.79917857142857,36.388,29.0
2017,47,29,20.031569004847448,50.377,19.95096585804133,8.887,18.59555860805861,42.842,22.0
2017,48,22,20.248511904761905,31.853,19.21347147349506,104.486,19.52467532467532,51.764,31.0
2017,49,31,20.544477911646588,117.631,20.031569004847448,50.377,19.95096585804133,8.887,18.0
2017,50,18,20.267112204163105,19.587,20.248511904761905,31.853,19.21347147349506,104.486,23.0
2017,51,23,20.67612926136364,0.0,20.544477911646588,117.631,20.031569004847448,50.377,20.0
2017,52,20,19.089713796477493,45.818,20.267112204163105,19.587,20.248511904761905,31.853,18.0
2018,1,18,19.193154761904765,102.942,20.67612926136364,0.0,20.544477911646588,117.631,35.0
2018,2,35,19.02767857142857,119.844,19.089713796477493,45.818,20.267112204163105,19.587,26.0
2018,3,26,19.33571428571428,39.298,19.193154761904765,102.942,20.67612926136364,0.0,26.0
2018,4,26,20.57010535890245,3.5540000000000003,19.02767857142857,119.844,19.089713796477493,45.818,30.0
2018,5,30,20.89712552742616,55.019,19.33571428571428,39.298,19.193154761904765,102.942,20.0
2018,6,20,20.715027239709435,0.202,20.57010535890245,3.5540000000000003,19.02767857142857,119.844,25.0
2018,7,25,21.39940476190476,58.16,20.89712552742616,55.019,19.33571428571428,39.298,21.0
2018,8,21,20.60892857142857,22.154,20.715027239709435,0.202,20.57010535890245,3.5540000000000003,25.0
2018,9,25,21.317857142857143,7.182,21.39940476190476,58.16,20.89712552742616,55.019,23.0
2018,10,23,21.815285714285714,8.573,20.60892857142857,22.154,20.715027239709435,0.202,13.0
2018,11,13,21.319489614901325,12.459,21.317857142857143,7.182,21.39940476190476,58.16,23.0
2018,12,23,19.967559523809523,124.558,21.815285714285714,8.573,20.60892857142857,22.154,20.0
2018,13,20,19.54548581408611,157.524,21.319489614901325,12.459,21.317857142857143,7.182,22.0
2018,14,22,19.19099479612204,76.149,19.967559523809523,124.558,21.815285714285714,8.573,21.0
2018,15,21,19.22521742229826,140.014,19.54548581408611,157.524,21.319489614901325,12.459,21.0
2018,16,21,20.69217992586256,33.08,19.19099479612204,76.149,19.967559523809523,124.558,21.0
2018,17,21,19.98843321226796,110.944,19.22521742229826,140.014,19.54548581408611,157.524,24.0
2018,18,24,19.686904761904763,97.144,20.69217992586256,33.08,19.19099479612204,76.149,19.0
2018,19,19,18.926375075346595,235.891,19.98843321226796,110.944,19.22521742229826,140.014,23.0
2018,20,23,19.373109138865125,174.89100000000002,19.686904761904763,97.144,20.69217992586256,33.08,16.0
2018,21,16,20.285416666666663,90.48,18.926375075346595,235.891,19.98843321226796,110.944,15.0
2018,22,15,20.247916666666665,124.488,19.373109138865125,174.89100000000002,19.686904761904763,97.144,27.0
2018,23,27,21.70208333333333,1.981,20.285416666666663,90.48,18.926375075346595,235.891,23.0
2018,24,23,21.077564513829483,40.981,20.247916666666665,124.488,19.373109138865125,174.89100000000002,21.0
2018,25,21,20.782665343915344,65.938,21.70208333333333,1.981,20.285416666666663,90.48,22.0
2018,26,22,19.641964285714288,35.029,21.077564513829483,40.981,20.247916666666665,124.488,29.0
2018,27,29,20.83869047619048,45.870000000000005,20.782665343915344,65.938,21.70208333333333,1.981,38.0
2018,28,38,21.99434523809524,2.033,19.641964285714288,35.029,21.077564513829483,40.981,18.0
2018,29,18,21.19891906873614,18.116,20.83869047619048,45.870000000000005,20.782665343915344,65.938,20.0
2018,30,20,18.92559523809524,28.7,21.99434523809524,2.033,19.641964285714288,35.029,22.0
2018,31,22,18.89593253968254,34.6,21.19891906873614,18.116,20.83869047619048,45.870000000000005,21.0
2018,32,21,21.707008448540705,0.033,18.92559523809524,28.7,21.99434523809524,2.033,17.0
2018,33,17,21.16390977443609,38.207,18.89593253968254,34.6,21.19891906873614,18.116,28.0
2018,34,28,21.933630952380952,9.211,21.707008448540705,0.033,18.92559523809524,28.7,27.0
2018,35,27,21.44077380952381,28.06,21.16390977443609,38.207,18.89593253968254,34.6,27.0
2018,36,27,19.647619047619045,167.208,21.933630952380952,9.211,21.707008448540705,0.033,13.0
2018,37,13,19.54732142857143,101.313,21.44077380952381,28.06,21.16390977443609,38.207,23.0
2018,38,23,21.43958333333333,43.509,19.647619047619045,167.208,21.933630952380952,9.211,25.0
2018,39,25,20.383035714285715,132.032,19.54732142857143,101.313,21.44077380952381,28.06,28.0
2018,40,28,19.59791666666667,244.417,21.43958333333333,43.509,19.647619047619045,167.208,24.0
2018,41,24,19.40773809523809,81.641,20.383035714285715,132.032,19.54732142857143,101.313,26.0
2018,42,26,19.423627744510977,107.757,19.59791666666667,244.417,21.43958333333333,43.509,27.0
2018,43,27,20.06755952380952,44.153,19.40773809523809,81.641,20.383035714285715,132.032,15.0
2018,44,15,19.163027680397317,121.576,19.423627744510977,107.757,19.59791666666667,244.417,25.0
2018,45,25,19.776190476190475,36.817,20.06755952380952,44.153,19.40773809523809,81.641,11.0
2018,46,11,20.524666737952664,43.536,19.163027680397317,121.576,19.423627744510977,107.757,39.0
2018,47,39,20.163392857142856,228.883,19.776190476190475,36.817,20.06755952380952,44.153,26.0
2018,48,26,19.56934523809524,38.901,20.524666737952664,43.536,19.163027680397317,121.576,13.0
2018,49,13,19.92142857142857,11.767,20.163392857142856,228.883,19.776190476190475,36.817,28.0
2018,50,28,20.68204604130809,6.422000000000001,19.56934523809524,38.901,20.524666737952664,43.536,20.0
2018,51,20,20.358630952380956,5.2010000000000005,19.92142857142857,11.767,20.163392857142856,228.883,18.0
2018,52,18,21.199107142857144,0.0,20.68204604130809,6.422000000000001,19.56934523809524,38.901,25.0
2019,1,25,21.70208333333333,48.616,20.358630952380956,5.2010000000000005,19.92142857142857,11.767,29.0
2019,2,29,19.181845238095235,44.163,21.199107142857144,0.0,20.68204604130809,6.422000000000001,22.0
2019,3,22,20.54761904761905,16.539,21.70208333333333,48.616,20.358630952380956,5.2010000000000005,11.0
2019,4,11,21.96904761904762,0.876,19.181845238095235,44.163,21.199107142857144,0.0,15.0
2019,5,15,20.58469489592244,19.978,20.54761904761905,16.539,21.70208333333333,48.616,19.0
2019,6,19,20.980059523809523,0.732,21.96904761904762,0.876,19.181845238095235,44.163,18.0
2019,7,18,21.84583333333333,2.823,20.58469489592244,19.978,20.54761904761905,16.539,7.0
2019,8,7,20.707722055888222,105.743,20.980059523809523,0.732,21.96904761904762,0.876,20.0
2019,9,20,19.816071428571423,121.411,21.84583333333333,2.823,20.58469489592244,19.978,16.0
2019,10,16,21.13575883946393,25.105,20.707722055888222,105.743,20.980059523809523,0.732,13.0
2019,11,13,21.175892857142856,14.3,19.816071428571423,121.411,21.84583333333333,2.823,10.0
2019,12,10,19.45817805383023,68.6,21.13575883946393,25.105,20.707722055888222,105.743,17.0
2019,13,17,20.43244047619048,65.8,21.175892857142856,14.3,19.816071428571423,121.411,16.0
2019,14,16,19.54794426048565,81.5,19.45817805383023,68.6,21.13575883946393,25.105,10.0
2019,15,10,20.6625,45.8,20.43244047619048,65.8,21.175892857142856,14.3,18.0
2019,16,18,20.26900662959795,30.4,19.54794426048565,81.5,19.45817805383023,68.6,25.0
2019,17,25,20.517857142857142,35.1,20.6625,45.8,20.43244047619048,65.8,23.0
2019,18,23,22.4164156626506,0.0,20.26900662959795,30.4,19.54794426048565,81.5,16.0
2019,19,16,20.93189117929051,38.6,20.517857142857142,35.1,20.6625,45.8,25.0
2019,20,25,20.026488095238093,73.3,22.4164156626506,0.0,20.26900662959795,30.4,25.0
2019,21,25,19.680952380952377,64.3,20.93189117929051,38.6,20.517857142857142,35.1,24.0
2019,22,24,19.45684523809524,62.1,20.026488095238093,73.3,22.4164156626506,0.0,28.0
2019,23,28,20.99731784279977,37.8,19.680952380952377,64.3,20.93189117929051,38.6,21.0
2019,24,21,21.176957831325304,18.4,19.45684523809524,62.1,20.026488095238093,73.3,26.0
2019,25,26,22.412554112554112,0.1,20.99731784279977,37.8,19.680952380952377,64.3,21.0
2019,26,21,21.656854148845166,3.2,21.176957831325304,18.4,19.45684523809524,62.1,39.0
2019,27,39,20.96992621899059,38.1,22.412554112554112,0.1,20.99731784279977,37.8,25.0
2019,28,25,20.98482142857143,29.8,21.656854148845166,3.2,21.176957831325304,18.4,33.0
2019,29,33,21.879348445965213,10.1,20.96992621899059,38.1,22.412554112554112,0.1,22.0
2019,30,22,20.987724550898204,21.4,20.98482142857143,29.8,21.656854148845166,3.2,24.0
2019,31,24,21.598642857142856,8.8,21.879348445965213,10.1,20.96992621899059,38.1,36.0
2019,32,36,22.56467770034843,0.0,20.987724550898204,21.4,20.98482142857143,29.8,28.0
2019,33,28,21.651785714285715,6.1,21.598642857142856,8.8,21.879348445965213,10.1,38.0
2019,34,38,22.284559452523524,1.874,22.56467770034843,0.0,20.987724550898204,21.4,43.0
2019,35,43,22.22268246187364,3.834,21.651785714285715,6.1,21.598642857142856,8.8,25.0
2019,36,25,22.34106060606061,51.072,22.284559452523524,1.874,22.56467770034843,0.0,30.0
2019,37,30,22.580755649717517,93.228,22.22268246187364,3.834,21.651785714285715,6.1,49.0
2019,38,49,19.6575,72.412,22.34106060606061,51.072,22.284559452523524,1.874,44.0
2019,39,44,20.242107716580605,84.449,22.580755649717517,93.228,22.22268246187364,3.834,33.0
2019,40,33,19.811947533504423,64.07900000000001,19.6575,72.412,22.34106060606061,51.072,27.0
2019,41,27,19.94417347123934,33.158,20.242107716580605,84.449,22.580755649717517,93.228,27.0
2019,42,27,19.741271645021644,77.337,19.811947533504423,64.07900000000001,19.6575,72.412,26.0
2019,43,26,19.44985594552121,123.856,19.94417347123934,33.158,20.242107716580605,84.449,15.0
2019,44,15,20.33673054587689,99.606,19.741271645021644,77.337,19.811947533504423,64.07900000000001,35.0
2019,45,35,20.32371212121212,90.394,19.44985594552121,123.856,19.94417347123934,33.158,13.0
2019,46,13,19.280833333333334,86.971,20.33673054587689,99.606,19.741271645021644,77.337,21.0
2019,47,21,19.34214826839827,179.652,20.32371212121212,90.394,19.44985594552121,123.856,16.0
2019,48,16,21.175400983746798,15.971,19.280833333333334,86.971,20.33673054587689,99.606,22.0
2019,49,22,20.334424603174604,19.691000000000003,19.34214826839827,179.652,20.32371212121212,90.394,27.0
2019,50,27,19.78839285714286,65.613,21.175400983746798,15.971,19.280833333333334,86.971,21.0
2019,51,21,21.011607142857144,19.577,20.334424603174604,19.691000000000003,19.34214826839827,179.652,17.0
2019,52,17,21.58376817792985,44.2,19.78839285714286,65.613,21.175400983746798,15.971,36.0
2020,1,36,20.1265367965368,30.362,21.011607142857144,19.577,20.334424603174604,19.691000000000003,46.0
2020,2,46,20.4320533888402,0.0,21.58376817792985,44.2,19.78839285714286,65.613,37.0
2020,3,37,22.37250081539465,0.0,20.1265367965368,30.362,21.011607142857144,19.577,23.0
2020,4,23,20.1506599378882,74.81,20.4320533888402,0.0,21.58376817792985,44.2,20.0
2020,5,20,20.95476907630522,30.737,22.37250081539465,0.0,20.1265367965368,30.362,36.0
2020,6,36,21.638881401617247,3.067,20.1506599378882,74.81,20.4320533888402,0.0,33.0
2020,7,33,22.25146172393008,11.719,20.95476907630522,30.737,22.37250081539465,0.0,22.0
2020,8,22,22.024197722567287,66.928,21.638881401617247,3.067,20.1506599378882,74.81,21.0
2020,9,21,21.29524600504626,6.045,22.25146172393008,11.719,20.95476907630522,30.737,24.0
2020,10,24,22.29136904761905,2.717,22.024197722567287,66.928,21.638881401617247,3.067,20.0
2020,11,20,20.87708333333333,58.356,21.29524600504626,6.045,22.25146172393008,11.719,16.0
2020,12,16,20.72755801687764,24.102,22.29136904761905,2.717,22.024197722567287,66.928,7.0
2020,13,7,21.10360075064509,14.557,20.87708333333333,58.356,21.29524600504626,6.045,12.0
2020,14,12,22.622377622377623,17.193,20.72755801687764,24.102,22.29136904761905,2.717,10.0
2020,15,10,23.511805555555554,16.224,21.10360075064509,14.557,20.87708333333333,58.356,1.0
2020,16,1,21.433532934131737,28.7,22.622377622377623,17.193,20.72755801687764,24.102,10.0
2020,17,10,21.92035928143713,5.307,23.511805555555554,16.224,21.10360075064509,14.557,8.0
2020,18,8,23.235928143712574,1.909,21.433532934131737,28.7,22.622377622377623,17.193,9.0
2020,19,9,24.81878787878788,3.148,21.92035928143713,5.307,23.511805555555554,16.224,19.0
2020,20,19,23.538607594936707,3.535,23.235928143712574,1.909,21.433532934131737,28.7,9.0
2020,21,9,23.55875,15.329,24.81878787878788,3.148,21.92035928143713,5.307,4.0
2020,22,4,21.941666666666663,29.251,23.538607594936707,3.535,23.235928143712574,1.909,5.0
2020,23,5,22.179166666666667,4.182,23.55875,15.329,24.81878787878788,3.148,4.0
2020,24,4,21.921818181818185,0.728,21.941666666666663,29.251,23.538607594936707,3.535,9.0
2020,25,9,21.43109756097561,2.254,22.179166666666667,4.182,23.55875,15.329,16.0
2020,26,16,22.36050955414013,1.069,21.921818181818185,0.728,21.941666666666663,29.251,11.0
2020,27,11,21.517532467532465,1.376,21.43109756097561,2.254,22.179166666666667,4.182,7.0
2020,28,7,21.12606060606061,2.173,22.36050955414013,1.069,21.921818181818185,0.728,8.0
2020,29,8,22.683832335329345,1.334,21.517532467532465,1.376,21.43109756097561,2.254,7.0
2020,30,7,21.11377245508982,2.478,21.12606060606061,2.173,22.36050955414013,1.069,5.0
2020,31,5,22.63154761904762,4.338,22.683832335329345,1.334,21.517532467532465,1.376,2.0
2020,32,2,23.7144578313253,0.441,21.11377245508982,2.478,21.12606060606061,2.173,5.0
2020,33,5,22.53265306122449,11.477,22.63154761904762,4.338,22.683832335329345,1.334,5.0
2020,34,5,21.538414634146346,0.427,23.7144578313253,0.441,21.11377245508982,2.478,7.0
2020,35,7,21.288622754491016,0.157,22.53265306122449,11.477,22.63154761904762,4.338,10.0
2020,36,10,21.27365269461077,4.556,21.538414634146346,0.427,23.7144578313253,0.441,8.0
2020,37,8,21.530379746835443,7.606,21.288622754491016,0.157,22.53265306122449,11.477,7.0
2020,38,7,21.17179487179488,0.778,21.27365269461077,4.556,21.538414634146346,0.427,8.0
2020,39,8,21.70719424460432,0.004,21.530379746835443,7.606,21.288622754491016,0.157,8.0
2020,40,8,20.83405797101449,1.507,21.17179487179488,0.778,21.27365269461077,4.556,7.0
2020,41,7,21.17910447761194,0.004,21.70719424460432,0.004,21.530379746835443,7.606,7.0
2020,42,7,21.753846153846155,6.502,20.83405797101449,1.507,21.17179487179488,0.778,4.0
2020,43,4,21.12546583850932,0.924,21.17910447761194,0.004,21.70719424460432,0.004,6.0
2020,44,6,21.112676056338028,4.684,21.753846153846155,6.502,20.83405797101449,1.507,3.0
2020,45,3,21.37393939393939,2.657,21.12546583850932,0.924,21.17910447761194,0.004,5.0
2020,46,5,20.275694444444444,0.732,21.112676056338028,4.684,21.753846153846155,6.502,12.0
2020,47,12,20.81556886227545,0.676,21.37393939393939,2.657,21.12546583850932,0.924,4.0
2020,48,4,21.475757575757576,0.175,20.275694444444444,0.732,21.112676056338028,4.684,7.0
2020,49,7,21.50718562874252,0.168,20.81556886227545,0.676,21.37393939393939,2.657,7.0
2020,50,7,21.87702702702703,0.104,21.475757575757576,0.175,20.275694444444444,0.732,5.0
2020,51,5,21.86625,6.224,21.50718562874252,0.168,20.81556886227545,0.676,5.0
2020,52,5,21.16216216216216,41.654,21.87702702702703,0.104,21.475757575757576,0.175,2.0
2020,53,2,21.34331210191083,1.006,21.86625,6.224,21.50718562874252,0.168,4.0
2021,1,4,20.79824561403509,4.157,21.16216216216216,41.654,21.87702702702703,0.104,6.0
2021,2,6,22.226595744680854,9.776,21.34331210191083,1.006,21.86625,6.224,5.0
2021,3,5,22.061486486486487,3.492,20.79824561403509,4.157,21.16216216216216,41.654,6.0
2021,4,6,22.497350993377484,0.004,22.226595744680854,9.776,21.34331210191083,1.006,7.0
2021,5,7,23.397959183673468,1.098,22.061486486486487,3.492,20.79824561403509,4.157,7.0
2021,6,7,21.885802469135804,2.532,22.497350993377484,0.004,22.226595744680854,9.776,4.0
2021,7,4,21.081617647058824,0.768,23.397959183673468,1.098,22.061486486486487,3.492,5.0
2021,8,5,22.01095890410959,13.375,21.885802469135804,2.532,22.497350993377484,0.004,4.0
2021,9,4,21.064462809917355,51.03,21.081617647058824,0.768,23.397959183673468,1.098,5.0
2021,10,5,20.11926605504588,22.298,22.01095890410959,13.375,21.885802469135804,2.532,4.0
2021,12,4,20.632608695652173,53.73,20.11926605504588,22.298,22.01095890410959,13.375,1.0
2021,13,1,21.9688524590164,14.651,19.77338129496403,121.614,21.064462809917355,51.03,8.0
2021,14,8,21.49051724137931,13.827,20.632608695652173,53.73,20.11926605504588,22.298,4.0
2021,15,4,22.4336,9.414,21.9688524590164,14.651,19.77338129496403,121.614,1.0
2021,16,1,27.0,0.0,21.49051724137931,13.827,20.632608695652173,53.73,2.0
2021,17,2,,0.0,22.4336,9.414,21.9688524590164,14.651,4.0
2021,18,4,18.33333333333333,0.321,27.0,0.0,21.49051724137931,13.827,2.0
2021,19,2,21.725,13.605,,0.0,22.4336,9.414,2.0
2021,20,2,22.01077844311377,11.27,18.33333333333333,0.321,27.0,0.0,4.0
2021,21,4,21.37559523809524,40.812,21.725,13.605,,0.0,1.0
2021,22,1,21.811904761904763,44.339,22.01077844311377,11.27,18.33333333333333,0.321,1.0
2021,23,1,20.729936305732483,63.645,21.37559523809524,40.812,21.725,13.605,4.0
2021,24,4,21.65952380952381,53.314,21.811904761904763,44.339,22.01077844311377,11.27,6.0
2021,25,6,20.59583333333333,35.75,20.729936305732483,63.645,21.37559523809524,40.812,5.0
2021,26,5,22.07857142857143,20.0,21.65952380952381,53.314,21.811904761904763,44.339,5.0
2021,27,5,22.5874251497006,20.381,20.59583333333333,35.75,20.729936305732483,63.645,4.0
2021,28,4,22.665269461077845,57.513,22.07857142857143,20.0,21.65952380952381,53.314,4.0
2021,29,4,22.704790419161675,13.932,22.5874251497006,20.381,20.59583333333333,35.75,9.0
2021,30,9,22.093333333333334,29.423,22.665269461077845,57.513,22.07857142857143,20.0,3.0
2021,31,3,22.59820359281437,14.463,22.704790419161675,13.932,22.5874251497006,20.381,4.0
2021,32,4,21.43956834532374,48.203,22.093333333333334,29.423,22.665269461077845,57.513,5.0
2021,33,5,20.85462962962963,26.892,22.59820359281437,14.463,22.704790419161675,13.932,9.0
2021,34,9,21.30328947368421,29.291,21.43956834532374,48.203,22.093333333333334,29.423,3.0
2021,35,3,21.0,78.581,20.85462962962963,26.892,22.59820359281437,14.463,3.0
2021,36,3,20.991071428571427,28.044,21.30328947368421,29.291,21.43956834532374,48.203,2.0
2021,37,2,22.90974025974026,30.613,21.0,78.581,20.85462962962963,26.892,3.0
2021,38,3,21.57202797202797,41.942,20.991071428571427,28.044,21.30328947368421,29.291,7.0
2021,39,7,21.13869047619048,29.588,22.90974025974026,30.613,21.0,78.581,8.0
2021,40,8,22.26095890410959,26.694,21.57202797202797,41.942,20.991071428571427,28.044,5.0
2021,41,5,21.166060606060608,55.467,21.13869047619048,29.588,22.90974025974026,30.613,4.0
2021,42,4,21.2375,39.122,22.26095890410959,26.694,21.57202797202797,41.942,6.0
2021,43,6,20.47142857142857,70.393,21.166060606060608,55.467,21.13869047619048,29.588,3.0
2021,44,3,21.271856287425152,6.029,21.2375,39.122,22.26095890410959,26.694,7.0
2021,45,7,20.645454545454545,71.947,20.47142857142857,70.393,21.166060606060608,55.467,9.0
2021,46,9,21.20969696969697,32.828,21.271856287425152,6.029,21.2375,39.122,8.0
2021,47,8,20.374305555555555,52.711,20.645454545454545,71.947,20.47142857142857,70.393,4.0
2021,48,4,21.5,38.38,21.20969696969697,32.828,21.271856287425152,6.029,6.0
2021,49,6,21.98273809523809,1.032,20.374305555555555,52.711,20.645454545454545,71.947,6.0
2021,50,6,21.12619047619048,16.234,21.5,38.38,21.20969696969697,32.828,4.0
2021,51,4,21.88132530120482,19.529,21.98273809523809,1.032,20.374305555555555,52.711,7.0
2021,52,7,21.106586826347307,16.294999999999998,21.12619047619048,16.234,21.5,38.38,
