anio,mes,categoria,proporcion,total_medellin,reclamos_estimados_medellin
2024,ENE,NEGACIÓN PARA LA ENTREGA DE TECNOLOGÍAS EN SALUD Y/O DE OTRO,0.13163191202406888,8855,1165.6005809731298
2024,ENE,NEGACIÓN EN LA ASIGNACIÓN DE CITAS O CONSULTAS,0.24660234464156033,8855,2183.663761801017
2024,ENE,FALTA DE OPORTUNIDAD EN LAS CITAS O CONSULTAS,0.1527544351073763,8855,1352.6405228758172
2024,ENE,FALTA DE OPORTUNIDAD EN LA ATENCIÓN EN OTROS SERVICIOS DE SA,0.10413943355119826,8855,922.1546840958606
2024,ENE,FALTA DE OPORTUNIDAD EN LA ENTREGA O ENTREGA INCOMPLETA DE T,0.06365805581491855,8855,563.6920842411038
2024,ENE,NEGACIÓN EN LA ATENCIÓN EN OTROS SERVICIOS DE SALUD,0.11355949787322336,8855,1005.5693536673929
2024,ENE,FALTA DE OPORTUNIDAD EN LA AUTORIZACIÓN DE OTROS SERVICIOS D,0.08036103330220977,8855,711.5969498910675
2024,ENE,FALTA DE OPORTUNIDAD EN LA AUTORIZACIÓN DE TECNOLOGÍAS EN SA,0.041290590310198154,8855,365.62817719680464
2024,ENE,FALTA DE OPORTUNIDAD EN LA AUTORIZACIÓN DE CITAS DE CONSULTA,0.04331362174499429,8855,383.5421205519245
2024,ENE,FALTA DE OPORTUNIDAD EN EL PROCESO DE REFERENCIA Y CONTRARRE,0.0226890756302521,8855,200.91176470588235
2024,FEB,NEGACIÓN PARA LA ENTREGA DE TECNOLOGÍAS EN SALUD Y/O DE OTRO,0.13169698006347758,9055,1192.5161544747893
2024,FEB,NEGACIÓN EN LA ASIGNACIÓN DE CITAS O CONSULTAS,0.24754356956877055,9055,2241.5070224452174
2024,FEB,FALTA DE OPORTUNIDAD EN LAS CITAS O CONSULTAS,0.15626128437577208,9055,1414.9459300226163
2024,FEB,FALTA DE OPORTUNIDAD EN LA ATENCIÓN EN OTROS SERVICIOS DE SA,0.1062394283216451,9055,961.9980234524963
2024,FEB,FALTA DE OPORTUNIDAD EN LA ENTREGA O ENTREGA INCOMPLETA DE T,0.061120930497747875,9055,553.450025657107
2024,FEB,NEGACIÓN EN LA ATENCIÓN EN OTROS SERVICIOS DE SALUD,0.1100119733166087,9055,996.1584183818917
2024,FEB,FALTA DE OPORTUNIDAD EN LA AUTORIZACIÓN DE OTROS SERVICIOS D,0.08123800292681073,9055,735.6101165022711
2024,FEB,FALTA DE OPORTUNIDAD EN LA AUTORIZACIÓN DE TECNOLOGÍAS EN SA,0.0408233080563316,9055,369.6550544500827
2024,FEB,FALTA DE OPORTUNIDAD EN LA AUTORIZACIÓN DE CITAS DE CONSULTA,0.04546059258414581,9055,411.6456658494403
2024,FEB,FALTA DE OPORTUNIDAD EN EL PROCESO DE REFERENCIA Y CONTRARRE,0.019603930288689966,9055,177.51358876408764
2024,MAR,NEGACIÓN PARA LA ENTREGA DE TECNOLOGÍAS EN SALUD Y/O DE OTRO,0.1431489508611761,9066,1297.7883885074225
2024,MAR,NEGACIÓN EN LA ASIGNACIÓN DE CITAS O CONSULTAS,0.2248168322528674,9066,2038.1894012044957
2024,MAR,FALTA DE OPORTUNIDAD EN LAS CITAS O CONSULTAS,0.16763205339675477,9066,1519.7521960949787
2024,MAR,FALTA DE OPORTUNIDAD EN LA ATENCIÓN EN OTROS SERVICIOS DE SA,0.10973761939468334,9066,994.8812574321992
2024,MAR,FALTA DE OPORTUNIDAD EN LA ENTREGA O ENTREGA INCOMPLETA DE T,0.07081207564540258,9066,641.9822778012198
2024,MAR,NEGACIÓN EN LA ATENCIÓN EN OTROS SERVICIOS DE SALUD,0.09813379876481645,9066,889.6810196018259
2024,MAR,FALTA DE OPORTUNIDAD EN LA AUTORIZACIÓN DE OTROS SERVICIOS D,0.07773600828570333,9066,704.7546511181864
2024,MAR,FALTA DE OPORTUNIDAD EN LA AUTORIZACIÓN DE TECNOLOGÍAS EN SA,0.04356707200122751,9066,394.9790747631286
2024,MAR,FALTA DE OPORTUNIDAD EN LA AUTORIZACIÓN DE CITAS DE CONSULTA,0.041869653611569295,9066,379.59027964248725
2024,MAR,FALTA DE OPORTUNIDAD EN EL PROCESO DE REFERENCIA Y CONTRARRE,0.022545935785799224,9066,204.40145383405576
2024,ABR,NEGACIÓN PARA LA ENTREGA DE TECNOLOGÍAS EN SALUD Y/O DE OTRO,0.14180301809228768,12642,1792.6737547227008
2024,ABR,NEGACIÓN EN LA ASIGNACIÓN DE CITAS O CONSULTAS,0.22334030801990373,12642,2823.468173987623
2024,ABR,FALTA DE OPORTUNIDAD EN LAS CITAS O CONSULTAS,0.17066047570812784,12642,2157.4897339021522
2024,ABR,FALTA DE OPORTUNIDAD EN LA ATENCIÓN EN OTROS SERVICIOS DE SA,0.11446126091489157,12642,1447.0192604860592
2024,ABR,FALTA DE OPORTUNIDAD EN LA ENTREGA O ENTREGA INCOMPLETA DE T,0.06304574457859831,12642,797.0243029626398
2024,ABR,NEGACIÓN EN LA ATENCIÓN EN OTROS SERVICIOS DE SALUD,0.0947645488757939,12642,1198.0134268877864
2024,ABR,FALTA DE OPORTUNIDAD EN LA AUTORIZACIÓN DE OTROS SERVICIOS D,0.08090143510953708,12642,1022.7559426547678
2024,ABR,FALTA DE OPORTUNIDAD EN LA AUTORIZACIÓN DE TECNOLOGÍAS EN SA,0.045190054047659536,12642,571.2926632705119
2024,ABR,FALTA DE OPORTUNIDAD EN LA AUTORIZACIÓN DE CITAS DE CONSULTA,0.04313461637991586,12642,545.3078202748964
2024,ABR,FALTA DE OPORTUNIDAD EN EL PROCESO DE REFERENCIA Y CONTRARRE,0.022698538273284486,12642,286.9549208508625
2024,MAY,NEGACIÓN PARA LA ENTREGA DE TECNOLOGÍAS EN SALUD Y/O DE OTRO,0.1291240045506257,11462,1480.0193401592717
2024,MAY,NEGACIÓN EN LA ASIGNACIÓN DE CITAS O CONSULTAS,0.2031651783627098,11462,2328.6792743933797
2024,MAY,FALTA DE OPORTUNIDAD EN LAS CITAS O CONSULTAS,0.1968535228388424,11462,2256.3350787788113
2024,MAY,FALTA DE OPORTUNIDAD EN LA ATENCIÓN EN OTROS SERVICIOS DE SA,0.12908504371405863,11462,1479.57277105054
2024,MAY,FALTA DE OPORTUNIDAD EN LA ENTREGA O ENTREGA INCOMPLETA DE T,0.06850873501955834,11462,785.2471207941777
2024,MAY,NEGACIÓN EN LA ATENCIÓN EN OTROS SERVICIOS DE SALUD,0.07958919693923668,11462,912.2513753175308
2024,MAY,FALTA DE OPORTUNIDAD EN LA AUTORIZACIÓN DE OTROS SERVICIOS D,0.0804463353437125,11462,922.0758957096326
2024,MAY,FALTA DE OPORTUNIDAD EN LA AUTORIZACIÓN DE TECNOLOGÍAS EN SA,0.04449327535960852,11462,509.9819221718329
2024,MAY,FALTA DE OPORTUNIDAD EN LA AUTORIZACIÓN DE CITAS DE CONSULTA,0.04322315208752162,11462,495.42376922717284
2024,MAY,FALTA DE OPORTUNIDAD EN EL PROCESO DE REFERENCIA Y CONTRARRE,0.025511555784125797,11462,292.4134523976499
2024,JUN,NEGACIÓN PARA LA ENTREGA DE TECNOLOGÍAS EN SALUD Y/O DE OTRO,0.1234275008973203,10009,1235.3858564812788
2024,JUN,NEGACIÓN EN LA ASIGNACIÓN DE CITAS O CONSULTAS,0.19383869245112886,10009,1940.1314727433487
2024,JUN,FALTA DE OPORTUNIDAD EN LAS CITAS O CONSULTAS,0.20449272951702283,10009,2046.7677297358814
2024,JUN,FALTA DE OPORTUNIDAD EN LA ATENCIÓN EN OTROS SERVICIOS DE SA,0.13915905768237488,10009,1392.8430083428902
2024,JUN,FALTA DE OPORTUNIDAD EN LA ENTREGA O ENTREGA INCOMPLETA DE T,0.07819380367507375,10009,782.6417809838132
2024,JUN,NEGACIÓN EN LA ATENCIÓN EN OTROS SERVICIOS DE SALUD,0.0707175936058269,10009,707.8123944007215
2024,JUN,FALTA DE OPORTUNIDAD EN LA AUTORIZACIÓN DE OTROS SERVICIOS D,0.07637290005165064,10009,764.4163566169713
2024,JUN,FALTA DE OPORTUNIDAD EN LA AUTORIZACIÓN DE TECNOLOGÍAS EN SA,0.04673069010496459,10009,467.7274772605906
2024,JUN,FALTA DE OPORTUNIDAD EN LA AUTORIZACIÓN DE CITAS DE CONSULTA,0.04109289234782761,10009,411.2987595094066
2024,JUN,FALTA DE OPORTUNIDAD EN EL PROCESO DE REFERENCIA Y CONTRARRE,0.025974139666809653,10009,259.97516392509783
2024,JUL,NEGACIÓN PARA LA ENTREGA DE TECNOLOGÍAS EN SALUD Y/O DE OTRO,0.11338521702094707,11816,1339.7597243195107
2024,JUL,NEGACIÓN EN LA ASIGNACIÓN DE CITAS O CONSULTAS,0.19877647423239245,11816,2348.742819529949
2024,JUL,FALTA DE OPORTUNIDAD EN LAS CITAS O CONSULTAS,0.2130251287412398,11816,2517.1049212064895
2024,JUL,FALTA DE OPORTUNIDAD EN LA ATENCIÓN EN OTROS SERVICIOS DE SA,0.14333062299144306,11816,1693.5946412668911
2024,JUL,FALTA DE OPORTUNIDAD EN LA ENTREGA O ENTREGA INCOMPLETA DE T,0.07419367328764472,11816,876.67244356681
2024,JUL,NEGACIÓN EN LA ATENCIÓN EN OTROS SERVICIOS DE SALUD,0.06870329500135518,11816,811.7981337360128
2024,JUL,FALTA DE OPORTUNIDAD EN LA AUTORIZACIÓN DE OTROS SERVICIOS D,0.07514616486622527,11816,887.9270840593178
2024,JUL,FALTA DE OPORTUNIDAD EN LA AUTORIZACIÓN DE TECNOLOGÍAS EN SA,0.04770201726874976,11816,563.6470360475471
2024,JUL,FALTA DE OPORTUNIDAD EN LA AUTORIZACIÓN DE CITAS DE CONSULTA,0.040500251674604096,11816,478.550973787122
2024,JUL,FALTA DE OPORTUNIDAD EN EL PROCESO DE REFERENCIA Y CONTRARRE,0.025237154915398612,11816,298.20222248035003
2024,AGO,NEGACIÓN PARA LA ENTREGA DE TECNOLOGÍAS EN SALUD Y/O DE OTRO,0.12218978446817384,11212,1369.9918634571652
2024,AGO,NEGACIÓN EN LA ASIGNACIÓN DE CITAS O CONSULTAS,0.2064273966997427,11212,2314.463971797515
2024,AGO,FALTA DE OPORTUNIDAD EN LAS CITAS O CONSULTAS,0.20943335353042547,11212,2348.16675978313
2024,AGO,FALTA DE OPORTUNIDAD EN LA ATENCIÓN EN OTROS SERVICIOS DE SA,0.13748711451751244,11212,1541.5055279703495
2024,AGO,FALTA DE OPORTUNIDAD EN LA ENTREGA O ENTREGA INCOMPLETA DE T,0.07622697334770737,11212,854.656825174495
2024,AGO,NEGACIÓN EN LA ATENCIÓN EN OTROS SERVICIOS DE SALUD,0.07451153201501405,11212,835.4232969523375
2024,AGO,FALTA DE OPORTUNIDAD EN LA AUTORIZACIÓN DE OTROS SERVICIOS D,0.07021505968634179,11212,787.2512492032641
2024,AGO,FALTA DE OPORTUNIDAD EN LA AUTORIZACIÓN DE TECNOLOGÍAS EN SA,0.04306702024692912,11212,482.8674310085693
2024,AGO,FALTA DE OPORTUNIDAD EN LA AUTORIZACIÓN DE CITAS DE CONSULTA,0.037763316310069954,11212,423.40230246850433
2024,AGO,FALTA DE OPORTUNIDAD EN EL PROCESO DE REFERENCIA Y CONTRARRE,0.02267844917808327,11212,254.27077218466962
2024,SEP,NEGACIÓN PARA LA ENTREGA DE TECNOLOGÍAS EN SALUD Y/O DE OTRO,0.15136241705492023,12446,1883.8566426655373
2024,SEP,NEGACIÓN EN LA ASIGNACIÓN DE CITAS O CONSULTAS,0.1953691938444162,12446,2431.564986587604
2024,SEP,FALTA DE OPORTUNIDAD EN LAS CITAS O CONSULTAS,0.19930114358322745,12446,2480.502033036849
2024,SEP,FALTA DE OPORTUNIDAD EN LA ATENCIÓN EN OTROS SERVICIOS DE SA,0.13044613864181845,12446,1623.5326415360723
2024,SEP,FALTA DE OPORTUNIDAD EN LA ENTREGA O ENTREGA INCOMPLETA DE T,0.09110546378653113,12446,1133.8986022871663
2024,SEP,NEGACIÓN EN LA ATENCIÓN EN OTROS SERVICIOS DE SALUD,0.07256106169702103,12446,903.0949738811238
2024,SEP,FALTA DE OPORTUNIDAD EN LA AUTORIZACIÓN DE OTROS SERVICIOS D,0.06470422137512354,12446,805.3087392347875
2024,SEP,FALTA DE OPORTUNIDAD EN LA AUTORIZACIÓN DE TECNOLOGÍAS EN SA,0.04073132853310744,12446,506.94211492305516
2024,SEP,FALTA DE OPORTUNIDAD EN LA AUTORIZACIÓN DE CITAS DE CONSULTA,0.03422278695468022,12446,425.93680643795005
2024,SEP,FALTA DE OPORTUNIDAD EN EL PROCESO DE REFERENCIA Y CONTRARRE,0.020196244529154313,12446,251.36245940985458
2024,OCT,NEGACIÓN PARA LA ENTREGA DE TECNOLOGÍAS EN SALUD Y/O DE OTRO,0.1511569265498733,14117,2133.8823321045616
2024,OCT,NEGACIÓN EN LA ASIGNACIÓN DE CITAS O CONSULTAS,0.20000960603258847,14117,2823.5356083620513
2024,OCT,FALTA DE OPORTUNIDAD EN LAS CITAS O CONSULTAS,0.19070976573288026,14117,2692.2497628510705
2024,OCT,FALTA DE OPORTUNIDAD EN LA ATENCIÓN EN OTROS SERVICIOS DE SA,0.12528067626469422,14117,1768.5873068286883
2024,OCT,FALTA DE OPORTUNIDAD EN LA ENTREGA O ENTREGA INCOMPLETA DE T,0.10658493533939314,14117,1504.659532186213
2024,OCT,NEGACIÓN EN LA ATENCIÓN EN OTROS SERVICIOS DE SALUD,0.07704038135949376,14117,1087.5790636519735
2024,OCT,FALTA DE OPORTUNIDAD EN LA AUTORIZACIÓN DE OTROS SERVICIOS D,0.06117842004779001,14117,863.6557558146516
2024,OCT,FALTA DE OPORTUNIDAD EN LA AUTORIZACIÓN DE TECNOLOGÍAS EN SA,0.038562217072321416,14117,544.3828184099614
2024,OCT,FALTA DE OPORTUNIDAD EN LA AUTORIZACIÓN DE CITAS DE CONSULTA,0.03148377180869586,14117,444.45640662335944
2024,OCT,FALTA DE OPORTUNIDAD EN EL PROCESO DE REFERENCIA Y CONTRARRE,0.017993299792269546,14117,254.0114131674692
2024,NOV,NEGACIÓN PARA LA ENTREGA DE TECNOLOGÍAS EN SALUD Y/O DE OTRO,0.17161985739631105,11777,2021.1670605563552
2024,NOV,NEGACIÓN EN LA ASIGNACIÓN DE CITAS O CONSULTAS,0.185043350182439,11777,2179.255535098584
2024,NOV,FALTA DE OPORTUNIDAD EN LAS CITAS O CONSULTAS,0.18002209352927392,11777,2120.120195494259
2024,NOV,FALTA DE OPORTUNIDAD EN LA ATENCIÓN EN OTROS SERVICIOS DE SA,0.11913768285742979,11777,1403.0844910119506
2024,NOV,FALTA DE OPORTUNIDAD EN LA ENTREGA O ENTREGA INCOMPLETA DE T,0.12626786730492418,11777,1487.056673250092
2024,NOV,NEGACIÓN EN LA ATENCIÓN EN OTROS SERVICIOS DE SALUD,0.06901884644997154,11777,812.8349546413149
2024,NOV,FALTA DE OPORTUNIDAD EN LA AUTORIZACIÓN DE OTROS SERVICIOS D,0.06037558999765675,11777,711.0433234024035
2024,NOV,FALTA DE OPORTUNIDAD EN LA AUTORIZACIÓN DE TECNOLOGÍAS EN SA,0.040109798145482545,11777,472.3730927593479
2024,NOV,FALTA DE OPORTUNIDAD EN LA AUTORIZACIÓN DE CITAS DE CONSULTA,0.030281525123020788,11777,356.62552137381584
2024,NOV,FALTA DE OPORTUNIDAD EN EL PROCESO DE REFERENCIA Y CONTRARRE,0.01812338901349044,11777,213.43915241187693
2025,ENE,NEGACIÓN PARA LA ENTREGA DE TECNOLOGÍAS EN SALUD Y/O DE OTRO,0.22010989786038995,13174,2899.7277944127773
2025,ENE,NEGACIÓN EN LA ASIGNACIÓN DE CITAS O CONSULTAS,0.17231651096734482,13174,2270.0977154838006
2025,ENE,FALTA DE OPORTUNIDAD EN LAS CITAS O CONSULTAS,0.15640889185255477,13174,2060.5307412655566
2025,ENE,FALTA DE OPORTUNIDAD EN LA ATENCIÓN EN OTROS SERVICIOS DE SA,0.10821797477606868,13174,1425.6635996999287
2025,ENE,FALTA DE OPORTUNIDAD EN LA ENTREGA O ENTREGA INCOMPLETA DE T,0.12866513211466823,13174,1695.0344504786394
2025,ENE,NEGACIÓN EN LA ATENCIÓN EN OTROS SERVICIOS DE SALUD,0.07254925847797233,13174,955.7639311888075
2025,ENE,FALTA DE OPORTUNIDAD EN LA AUTORIZACIÓN DE OTROS SERVICIOS D,0.05626334451119817,13174,741.2133005905247
2025,ENE,FALTA DE OPORTUNIDAD EN LA AUTORIZACIÓN DE TECNOLOGÍAS EN SA,0.0351750094573713,13174,463.3955745914095
2025,ENE,FALTA DE OPORTUNIDAD EN LA AUTORIZACIÓN DE CITAS DE CONSULTA,0.027936113052454747,13174,368.03035335303883
2025,ENE,FALTA DE OPORTUNIDAD EN EL PROCESO DE REFERENCIA Y CONTRARRE,0.02235786692997698,13174,294.54253893551675
2025,FEB,NEGACIÓN PARA LA ENTREGA DE TECNOLOGÍAS EN SALUD Y/O DE OTRO,0.20477213138513023,13024,2666.952239159936
2025,FEB,NEGACIÓN EN LA ASIGNACIÓN DE CITAS O CONSULTAS,0.1715898760194469,13024,2234.786545277276
2025,FEB,FALTA DE OPORTUNIDAD EN LAS CITAS O CONSULTAS,0.16635924056970447,13024,2166.662749179831
2025,FEB,FALTA DE OPORTUNIDAD EN LA ATENCIÓN EN OTROS SERVICIOS DE SA,0.11172083953675278,13024,1455.0522141266683
2025,FEB,FALTA DE OPORTUNIDAD EN LA ENTREGA O ENTREGA INCOMPLETA DE T,0.12537055824187407,13024,1632.8261505421679
2025,FEB,NEGACIÓN EN LA ATENCIÓN EN OTROS SERVICIOS DE SALUD,0.07062016627360045,13024,919.7570455473722
2025,FEB,FALTA DE OPORTUNIDAD EN LA AUTORIZACIÓN DE OTROS SERVICIOS D,0.06054756979670351,13024,788.5715490322665
2025,FEB,FALTA DE OPORTUNIDAD EN LA AUTORIZACIÓN DE TECNOLOGÍAS EN SA,0.039447160041634274,13024,513.7598123822448
2025,FEB,FALTA DE OPORTUNIDAD EN LA AUTORIZACIÓN DE CITAS DE CONSULTA,0.03024414023900183,13024,393.8996824727599
2025,FEB,FALTA DE OPORTUNIDAD EN EL PROCESO DE REFERENCIA Y CONTRARRE,0.019328317896151463,13024,251.73201227947666
2025,MAR,NEGACIÓN PARA LA ENTREGA DE TECNOLOGÍAS EN SALUD Y/O DE OTRO,0.2059824422963109,14700,3027.9419017557702
2025,MAR,NEGACIÓN EN LA ASIGNACIÓN DE CITAS O CONSULTAS,0.1682592720457684,14700,2473.4112990727954
2025,MAR,FALTA DE OPORTUNIDAD EN LAS CITAS O CONSULTAS,0.16662556717301244,14700,2449.3958374432827
2025,MAR,FALTA DE OPORTUNIDAD EN LA ATENCIÓN EN OTROS SERVICIOS DE SA,0.11119057013217597,14700,1634.5013809429868
2025,MAR,FALTA DE OPORTUNIDAD EN LA ENTREGA O ENTREGA INCOMPLETA DE T,0.12522810218978103,14700,1840.853102189781
2025,MAR,NEGACIÓN EN LA ATENCIÓN EN OTROS SERVICIOS DE SALUD,0.06501528901163937,14700,955.7247484710988
2025,MAR,FALTA DE OPORTUNIDAD EN LA AUTORIZACIÓN DE OTROS SERVICIOS D,0.06462073387255869,14700,949.9247879266128
2025,MAR,FALTA DE OPORTUNIDAD EN LA AUTORIZACIÓN DE TECNOLOGÍAS EN SA,0.041625567173012426,14700,611.8958374432826
2025,MAR,FALTA DE OPORTUNIDAD EN LA AUTORIZACIÓN DE CITAS DE CONSULTA,0.031065052278555928,14700,456.6562684947721
2025,MAR,FALTA DE OPORTUNIDAD EN EL PROCESO DE REFERENCIA Y CONTRARRE,0.02038740382718485,14700,299.6948362596173
2025,ABR,NEGACIÓN PARA LA ENTREGA DE TECNOLOGÍAS EN SALUD Y/O DE OTRO,0.19643185338829522,14332,2815.2613227610473
2025,ABR,NEGACIÓN EN LA ASIGNACIÓN DE CITAS O CONSULTAS,0.16536482264289654,14332,2370.008638117993
2025,ABR,FALTA DE OPORTUNIDAD EN LAS CITAS O CONSULTAS,0.1694213248615013,14332,2428.146427915037
2025,ABR,FALTA DE OPORTUNIDAD EN LA ATENCIÓN EN OTROS SERVICIOS DE SA,0.11379210754325624,14332,1630.8684853099483
2025,ABR,FALTA DE OPORTUNIDAD EN LA ENTREGA O ENTREGA INCOMPLETA DE T,0.12329666290335285,14332,1767.087772730853
2025,ABR,NEGACIÓN EN LA ATENCIÓN EN OTROS SERVICIOS DE SALUD,0.06561293879801507,14332,940.364638853152
2025,ABR,FALTA DE OPORTUNIDAD EN LA AUTORIZACIÓN DE OTROS SERVICIOS D,0.06869141701893035,14332,984.4853887153098
2025,ABR,FALTA DE OPORTUNIDAD EN LA AUTORIZACIÓN DE TECNOLOGÍAS EN SA,0.04229133300076141,14332,606.1193845669126
2025,ABR,FALTA DE OPORTUNIDAD EN LA AUTORIZACIÓN DE CITAS DE CONSULTA,0.03144117415391078,14332,450.6149079738493
2025,ABR,FALTA DE OPORTUNIDAD EN EL PROCESO DE REFERENCIA Y CONTRARRE,0.023656365689080264,14332,339.0430330558983
2025,MAY,NEGACIÓN PARA LA ENTREGA DE TECNOLOGÍAS EN SALUD Y/O DE OTRO,0.2152610158741345,15946,3432.5521591289485
2025,MAY,NEGACIÓN EN LA ASIGNACIÓN DE CITAS O CONSULTAS,0.16352766374789313,15946,2607.6121261239036
2025,MAY,FALTA DE OPORTUNIDAD EN LAS CITAS O CONSULTAS,0.16270547402174104,15946,2594.5014887506827
2025,MAY,FALTA DE OPORTUNIDAD EN LA ATENCIÓN EN OTROS SERVICIOS DE SA,0.11049055362732489,15946,1761.8823681413228
2025,MAY,FALTA DE OPORTUNIDAD EN LA ENTREGA O ENTREGA INCOMPLETA DE T,0.12540742437322716,15946,1999.7467890554803
2025,MAY,NEGACIÓN EN LA ATENCIÓN EN OTROS SERVICIOS DE SALUD,0.06571645025458518,15946,1047.9145157596154
2025,MAY,FALTA DE OPORTUNIDAD EN LA AUTORIZACIÓN DE OTROS SERVICIOS D,0.06717877341038425,15946,1071.2327208019872
2025,MAY,FALTA DE OPORTUNIDAD EN LA AUTORIZACIÓN DE TECNOLOGÍAS EN SA,0.03841975134633568,15946,612.6413549686687
2025,MAY,FALTA DE OPORTUNIDAD EN LA AUTORIZACIÓN DE CITAS DE CONSULTA,0.03062069451540725,15946,488.27759474268396
2025,MAY,FALTA DE OPORTUNIDAD EN EL PROCESO DE REFERENCIA Y CONTRARRE,0.02067219882896692,15946,329.6388825267065
2025,JUN,NEGACIÓN PARA LA ENTREGA DE TECNOLOGÍAS EN SALUD Y/O DE OTRO,0.20518192658263665,14501,2975.343117374814
2025,JUN,NEGACIÓN EN LA ASIGNACIÓN DE CITAS O CONSULTAS,0.17039996227406545,14501,2470.969852936223
2025,JUN,FALTA DE OPORTUNIDAD EN LAS CITAS O CONSULTAS,0.1672538888028079,14501,2425.3486415295174
2025,JUN,FALTA DE OPORTUNIDAD EN LA ATENCIÓN EN OTROS SERVICIOS DE SA,0.11025404374861054,14501,1598.7938883986014
2025,JUN,FALTA DE OPORTUNIDAD EN LA ENTREGA O ENTREGA INCOMPLETA DE T,0.11659334810932437,14501,1690.7201409333127
2025,JUN,NEGACIÓN EN LA ATENCIÓN EN OTROS SERVICIOS DE SALUD,0.066923113198014,14501,970.452064484401
2025,JUN,FALTA DE OPORTUNIDAD EN LA AUTORIZACIÓN DE OTROS SERVICIOS D,0.07002202925107283,14501,1015.3894461698071
2025,JUN,FALTA DE OPORTUNIDAD EN LA AUTORIZACIÓN DE TECNOLOGÍAS EN SA,0.03848719002418502,14501,558.1027425407069
2025,JUN,FALTA DE OPORTUNIDAD EN LA AUTORIZACIÓN DE CITAS DE CONSULTA,0.033198822411899837,14501,481.4161237949595
2025,JUN,FALTA DE OPORTUNIDAD EN EL PROCESO DE REFERENCIA Y CONTRARRE,0.021685675597383436,14501,314.46398183765723
2025,JUL,NEGACIÓN PARA LA ENTREGA DE TECNOLOGÍAS EN SALUD Y/O DE OTRO,0.20035122667225833,18804,3767.4044663451455
2025,JUL,NEGACIÓN EN LA ASIGNACIÓN DE CITAS O CONSULTAS,0.17426609352065422,18804,3276.899622562382
2025,JUL,FALTA DE OPORTUNIDAD EN LAS CITAS O CONSULTAS,0.1772384147620046,18804,3332.7911511847346
2025,JUL,FALTA DE OPORTUNIDAD EN LA ATENCIÓN EN OTROS SERVICIOS DE SA,0.11732019291256028,18804,2206.0889075277837
2025,JUL,FALTA DE OPORTUNIDAD EN LA ENTREGA O ENTREGA INCOMPLETA DE T,0.09816523380163557,18804,1845.8990564059552
2025,JUL,NEGACIÓN EN LA ATENCIÓN EN OTROS SERVICIOS DE SALUD,0.06759802893688405,18804,1271.1133361291677
2025,JUL,FALTA DE OPORTUNIDAD EN LA AUTORIZACIÓN DE OTROS SERVICIOS D,0.07106835814636192,18804,1336.3694065841896
2025,JUL,FALTA DE OPORTUNIDAD EN LA AUTORIZACIÓN DE TECNOLOGÍAS EN SA,0.039232543510169846,18804,737.7287481652338
2025,JUL,FALTA DE OPORTUNIDAD EN LA AUTORIZACIÓN DE CITAS DE CONSULTA,0.0342000419375131,18804,643.0975885929964
2025,JUL,FALTA DE OPORTUNIDAD EN EL PROCESO DE REFERENCIA Y CONTRARRE,0.02055986579995806,18804,386.6077165024114
2025,AGO,NEGACIÓN PARA LA ENTREGA DE TECNOLOGÍAS EN SALUD Y/O DE OTRO,0.16834209148680976,14221,2393.9928830339218
2025,AGO,NEGACIÓN EN LA ASIGNACIÓN DE CITAS O CONSULTAS,0.1939671453279172,14221,2758.4067737083105
2025,AGO,FALTA DE OPORTUNIDAD EN LAS CITAS O CONSULTAS,0.1817410723160622,14221,2584.5397894067205
2025,AGO,FALTA DE OPORTUNIDAD EN LA ATENCIÓN EN OTROS SERVICIOS DE SA,0.12051793488704964,14221,1713.885552028733
2025,AGO,FALTA DE OPORTUNIDAD EN LA ENTREGA O ENTREGA INCOMPLETA DE T,0.08746446486909155,14221,1243.832154903351
2025,AGO,NEGACIÓN EN LA ATENCIÓN EN OTROS SERVICIOS DE SALUD,0.07505947371559968,14221,1067.420775709543
2025,AGO,FALTA DE OPORTUNIDAD EN LA AUTORIZACIÓN DE OTROS SERVICIOS D,0.07279317725486557,14221,1035.1917737414433
2025,AGO,FALTA DE OPORTUNIDAD EN LA AUTORIZACIÓN DE TECNOLOGÍAS EN SA,0.0416746738057214,14221,592.6555361911641
2025,AGO,FALTA DE OPORTUNIDAD EN LA AUTORIZACIÓN DE CITAS DE CONSULTA,0.03779811407025519,14221,537.5269801930991
2025,AGO,FALTA DE OPORTUNIDAD EN EL PROCESO DE REFERENCIA Y CONTRARRE,0.02064185226662779,14221,293.5477810837138
2025,SEP,NEGACIÓN PARA LA ENTREGA DE TECNOLOGÍAS EN SALUD Y/O DE OTRO,0.16234514329795927,19037,3090.5644929632504
2025,SEP,NEGACIÓN EN LA ASIGNACIÓN DE CITAS O CONSULTAS,0.19466902155432736,19037,3705.91416332973
2025,SEP,FALTA DE OPORTUNIDAD EN LAS CITAS O CONSULTAS,0.1855945837583804,19037,3533.1640910082874
2025,SEP,FALTA DE OPORTUNIDAD EN LA ATENCIÓN EN OTROS SERVICIOS DE SA,0.12196694021934966,19037,2321.8846409557596
2025,SEP,FALTA DE OPORTUNIDAD EN LA ENTREGA O ENTREGA INCOMPLETA DE T,0.08357313600998797,19037,1590.9817902221412
2025,SEP,NEGACIÓN EN LA ATENCIÓN EN OTROS SERVICIOS DE SALUD,0.08127407542745779,19037,1547.214573912514
2025,SEP,FALTA DE OPORTUNIDAD EN LA AUTORIZACIÓN DE OTROS SERVICIOS D,0.06995132893821973,19037,1331.663448996889
2025,SEP,FALTA DE OPORTUNIDAD EN LA AUTORIZACIÓN DE TECNOLOGÍAS EN SA,0.040906022726696,19037,778.7279546481118
2025,SEP,FALTA DE OPORTUNIDAD EN LA AUTORIZACIÓN DE CITAS DE CONSULTA,0.03713515735623259,19037,706.9419905905997
2025,SEP,FALTA DE OPORTUNIDAD EN EL PROCESO DE REFERENCIA Y CONTRARRE,0.02258459071138923,19037,429.9428533727168
2025,OCT,NEGACIÓN PARA LA ENTREGA DE TECNOLOGÍAS EN SALUD Y/O DE OTRO,0.18604344825042549,17694,3291.8527733430287
2025,OCT,NEGACIÓN EN LA ASIGNACIÓN DE CITAS O CONSULTAS,0.20221930670376048,17694,3578.068412816338
2025,OCT,FALTA DE OPORTUNIDAD EN LAS CITAS O CONSULTAS,0.16838172918346164,17694,2979.34631617217
2025,OCT,FALTA DE OPORTUNIDAD EN LA ATENCIÓN EN OTROS SERVICIOS DE SA,0.11471160077770577,17694,2029.7070641607258
2025,OCT,FALTA DE OPORTUNIDAD EN LA ENTREGA O ENTREGA INCOMPLETA DE T,0.07565243507263329,17694,1338.5941861751735
2025,OCT,NEGACIÓN EN LA ATENCIÓN EN OTROS SERVICIOS DE SALUD,0.08542117825585255,17694,1511.442328059055
2025,OCT,FALTA DE OPORTUNIDAD EN LA AUTORIZACIÓN DE OTROS SERVICIOS D,0.0664000547976964,17694,1174.88256959044
2025,OCT,FALTA DE OPORTUNIDAD EN LA AUTORIZACIÓN DE TECNOLOGÍAS EN SA,0.04042383910553299,17694,715.2594091333007
2025,OCT,FALTA DE OPORTUNIDAD EN LA AUTORIZACIÓN DE CITAS DE CONSULTA,0.03691467893292024,17694,653.1683290390907
2025,OCT,FALTA DE OPORTUNIDAD EN EL PROCESO DE REFERENCIA Y CONTRARRE,0.02383172892001117,17694,421.6786115106777
2026,ENE,NEGACIÓN PARA LA ENTREGA DE TECNOLOGÍAS EN SALUD Y/O DE OTRO,0.20494012752060548,14509,2973.476310196465
2026,ENE,NEGACIÓN EN LA ASIGNACIÓN DE CITAS O CONSULTAS,0.18196309159711782,14509,2640.1024959825822
2026,ENE,FALTA DE OPORTUNIDAD EN LAS CITAS O CONSULTAS,0.1635996060339018,14509,2373.6666839458812
2026,ENE,FALTA DE OPORTUNIDAD EN LA ATENCIÓN EN OTROS SERVICIOS DE SA,0.11090016069669795,14509,1609.0504315483904
2026,ENE,FALTA DE OPORTUNIDAD EN LA ENTREGA O ENTREGA INCOMPLETA DE T,0.0888626820797263,14509,1289.3086542947487
2026,ENE,NEGACIÓN EN LA ATENCIÓN EN OTROS SERVICIOS DE SALUD,0.0770566585454357,14509,1118.0150588357264
2026,ENE,FALTA DE OPORTUNIDAD EN LA AUTORIZACIÓN DE OTROS SERVICIOS D,0.06118137991809652,14509,887.6806412316624
2026,ENE,FALTA DE OPORTUNIDAD EN LA AUTORIZACIÓN DE TECNOLOGÍAS EN SA,0.04452853662329584,14509,646.0645378673993
2026,ENE,FALTA DE OPORTUNIDAD EN LA AUTORIZACIÓN DE CITAS DE CONSULTA,0.03436835830179877,14509,498.6505106007983
2026,ENE,FALTA DE OPORTUNIDAD EN EL PROCESO DE REFERENCIA Y CONTRARRE,0.03259939868332383,14509,472.98467549634546
2026,FEB,NEGACIÓN PARA LA ENTREGA DE TECNOLOGÍAS EN SALUD Y/O DE OTRO,0.19733249704840614,15875,3132.6533906434474
2026,FEB,NEGACIÓN EN LA ASIGNACIÓN DE CITAS O CONSULTAS,0.18306031090122,15875,2906.0824355568675
2026,FEB,FALTA DE OPORTUNIDAD EN LAS CITAS O CONSULTAS,0.17348607831562377,15875,2754.0914932605274
2026,FEB,FALTA DE OPORTUNIDAD EN LA ATENCIÓN EN OTROS SERVICIOS DE SA,0.11458333333333333,15875,1819.0104166666665
2026,FEB,FALTA DE OPORTUNIDAD EN LA ENTREGA O ENTREGA INCOMPLETA DE T,0.0838806080283353,15875,1331.6046524498229
2026,FEB,NEGACIÓN EN LA ATENCIÓN EN OTROS SERVICIOS DE SALUD,0.07826643053915781,15875,1242.4795848091303
2026,FEB,FALTA DE OPORTUNIDAD EN LA AUTORIZACIÓN DE OTROS SERVICIOS D,0.06085202676111767,15875,966.025924832743
2026,FEB,FALTA DE OPORTUNIDAD EN LA AUTORIZACIÓN DE TECNOLOGÍAS EN SA,0.04723780007870917,15875,749.9000762495081
2026,FEB,FALTA DE OPORTUNIDAD EN LA AUTORIZACIÓN DE CITAS DE CONSULTA,0.03498868555686738,15875,555.4453832152697
2026,FEB,FALTA DE OPORTUNIDAD EN EL PROCESO DE REFERENCIA Y CONTRARRE,0.026312229437229436,15875,417.7066423160173
2026,MAR,NEGACIÓN PARA LA ENTREGA DE TECNOLOGÍAS EN SALUD Y/O DE OTRO,0.17518289862190672,16504,2891.2185588559487
2026,MAR,NEGACIÓN EN LA ASIGNACIÓN DE CITAS O CONSULTAS,0.18378955664574492,16504,3033.262842881374
2026,MAR,FALTA DE OPORTUNIDAD EN LAS CITAS O CONSULTAS,0.1887639422719978,16504,3115.360103257052
2026,MAR,FALTA DE OPORTUNIDAD EN LA ATENCIÓN EN OTROS SERVICIOS DE SA,0.12097865754410413,16504,1996.6317641078945
2026,MAR,FALTA DE OPORTUNIDAD EN LA ENTREGA O ENTREGA INCOMPLETA DE T,0.07646047619319578,16504,1261.903699092503
2026,MAR,NEGACIÓN EN LA ATENCIÓN EN OTROS SERVICIOS DE SALUD,0.07921323609199472,16504,1307.335248462281
2026,MAR,FALTA DE OPORTUNIDAD EN LA AUTORIZACIÓN DE OTROS SERVICIOS D,0.06178289747968269,16504,1019.6649400046831
2026,MAR,FALTA DE OPORTUNIDAD EN LA AUTORIZACIÓN DE TECNOLOGÍAS EN SA,0.047796364300930344,16504,788.8311964225544
2026,MAR,FALTA DE OPORTUNIDAD EN LA AUTORIZACIÓN DE CITAS DE CONSULTA,0.03480927714352616,16504,574.4923099767558
2026,MAR,FALTA DE OPORTUNIDAD EN EL PROCESO DE REFERENCIA Y CONTRARRE,0.031222693706916736,16504,515.2993369389538
2026,ABR,NEGACIÓN PARA LA ENTREGA DE TECNOLOGÍAS EN SALUD Y/O DE OTRO,0.17169648379605318,16092,2762.939817246088
2026,ABR,NEGACIÓN EN LA ASIGNACIÓN DE CITAS O CONSULTAS,0.18961010164665243,16092,3051.2057556979307
2026,ABR,FALTA DE OPORTUNIDAD EN LAS CITAS O CONSULTAS,0.19273185589748976,16092,3101.441025102405
2026,ABR,FALTA DE OPORTUNIDAD EN LA ATENCIÓN EN OTROS SERVICIOS DE SA,0.12382569524676446,16092,1992.6030879109337
2026,ABR,FALTA DE OPORTUNIDAD EN LA ENTREGA O ENTREGA INCOMPLETA DE T,0.07278063695456827,16092,1171.1860098729126
2026,ABR,NEGACIÓN EN LA ATENCIÓN EN OTROS SERVICIOS DE SALUD,0.07790381495874617,16092,1253.6281903161432
2026,ABR,FALTA DE OPORTUNIDAD EN LA AUTORIZACIÓN DE OTROS SERVICIOS D,0.06128557924587753,16092,986.2075412246612
2026,ABR,FALTA DE OPORTUNIDAD EN LA AUTORIZACIÓN DE TECNOLOGÍAS EN SA,0.04464983836898552,16092,718.505199033715
2026,ABR,FALTA DE OPORTUNIDAD EN LA AUTORIZACIÓN DE CITAS DE CONSULTA,0.03341735812064559,16092,537.7521268774289
2026,ABR,FALTA DE OPORTUNIDAD EN EL PROCESO DE REFERENCIA Y CONTRARRE,0.032098635764217114,16092,516.5312467177818
