anio,mes,categoria,proporcion,total_medellin,reclamos_estimados_medellin,variacion_pct,promedio_movil_3m,z_score,nivel_riesgo
2024,ENE,FALTA DE OPORTUNIDAD EN EL PROCESO DE REFERENCIA Y CONTRARRE,0.0226890756302521,8855,200.91176470588235,,200.91176470588235,-1.2286427020682427,bajo
2024,FEB,FALTA DE OPORTUNIDAD EN EL PROCESO DE REFERENCIA Y CONTRARRE,0.0196039302886899,9055,177.51358876408764,-11.645995930625386,189.212676734985,-1.4719336182929847,bajo
2024,MAR,FALTA DE OPORTUNIDAD EN EL PROCESO DE REFERENCIA Y CONTRARRE,0.0225459357857992,9066,204.40145383405576,15.146933402209338,194.27560243467528,-1.1923574092554683,bajo
2024,ABR,FALTA DE OPORTUNIDAD EN EL PROCESO DE REFERENCIA Y CONTRARRE,0.0226985382732844,12642,286.9549208508625,40.38790599005628,222.95665448300198,-0.3339781630266103,bajo
2024,MAY,FALTA DE OPORTUNIDAD EN EL PROCESO DE REFERENCIA Y CONTRARRE,0.0255115557841257,11462,292.4134523976499,1.9022261512721572,261.2566090275227,-0.27722112587281134,bajo
2024,JUN,FALTA DE OPORTUNIDAD EN EL PROCESO DE REFERENCIA Y CONTRARRE,0.0259741396668096,10009,259.97516392509783,-11.093295539782345,279.7811790578701,-0.6145098505529605,bajo
2024,JUL,FALTA DE OPORTUNIDAD EN EL PROCESO DE REFERENCIA Y CONTRARRE,0.0252371549153986,11816,298.20222248035003,14.704119415909256,283.5302796010326,-0.21703031524133673,bajo
2024,AGO,FALTA DE OPORTUNIDAD EN EL PROCESO DE REFERENCIA Y CONTRARRE,0.0226784491780832,11212,254.2707721846696,-14.73210022724606,270.8160528633725,-0.673823307144021,bajo
2024,SEP,FALTA DE OPORTUNIDAD EN EL PROCESO DE REFERENCIA Y CONTRARRE,0.0201962445291543,12446,251.36245940985455,-1.1437857170240595,267.9451513582914,-0.7040635310577575,bajo
2024,OCT,FALTA DE OPORTUNIDAD EN EL PROCESO DE REFERENCIA Y CONTRARRE,0.0179932997922695,14117,254.0114131674692,1.0538382556543269,253.2148815873311,-0.6765200854348931,bajo
2024,NOV,FALTA DE OPORTUNIDAD EN EL PROCESO DE REFERENCIA Y CONTRARRE,0.0181233890134904,11777,213.43915241187693,-15.972613297042304,239.6043416630669,-1.0983847007404597,bajo
2025,ENE,FALTA DE OPORTUNIDAD EN EL PROCESO DE REFERENCIA Y CONTRARRE,0.0223578669299769,13174,294.54253893551675,37.99836422098104,253.99770150495428,-0.2550831858980059,bajo
2025,FEB,FALTA DE OPORTUNIDAD EN EL PROCESO DE REFERENCIA Y CONTRARRE,0.0193283178961514,13024,251.73201227947663,-14.534581935349067,253.23790120895674,-0.7002209727118635,bajo
2025,MAR,FALTA DE OPORTUNIDAD EN EL PROCESO DE REFERENCIA Y CONTRARRE,0.0203874038271848,14700,299.6948362596173,19.053128581394585,281.98979582487027,-0.20151032877611147,bajo
2025,ABR,FALTA DE OPORTUNIDAD EN EL PROCESO DE REFERENCIA Y CONTRARRE,0.0236563656890802,14332,339.0430330558983,13.129421009508068,296.8232938649974,0.2076266430191518,medio
2025,MAY,FALTA DE OPORTUNIDAD EN EL PROCESO DE REFERENCIA Y CONTRARRE,0.0206721988289669,15946,329.6388825267065,-2.7737336008439306,322.792250614074,0.10984361906660242,medio
2025,JUN,FALTA DE OPORTUNIDAD EN EL PROCESO DE REFERENCIA Y CONTRARRE,0.0216856755973834,14501,314.46398183765723,-4.603492334621606,327.7152991400874,-0.047942846914432624,bajo
2025,JUL,FALTA DE OPORTUNIDAD EN EL PROCESO DE REFERENCIA Y CONTRARRE,0.020559865799958,18804,386.6077165024114,22.941811727741367,343.5701936222584,0.7021974781316251,medio
2025,AGO,FALTA DE OPORTUNIDAD EN EL PROCESO DE REFERENCIA Y CONTRARRE,0.0206418522666277,14221,293.5477810837138,-24.070894461341453,331.5398264745941,-0.2654265370117394,bajo
2025,SEP,FALTA DE OPORTUNIDAD EN EL PROCESO DE REFERENCIA Y CONTRARRE,0.0225845907113892,19037,429.9428533727168,46.464351318024754,370.0327836529473,1.1527900875781085,medio
2025,OCT,FALTA DE OPORTUNIDAD EN EL PROCESO DE REFERENCIA Y CONTRARRE,0.0238317289200111,17694,421.6786115106777,-1.92217216711702,381.7230819890361,1.0668596723389048,medio
2026,ENE,FALTA DE OPORTUNIDAD EN EL PROCESO DE REFERENCIA Y CONTRARRE,0.0325993986833238,14509,472.9846754963455,12.167101338591046,441.53538012658004,1.6003328518726145,alto
2026,FEB,FALTA DE OPORTUNIDAD EN EL PROCESO DE REFERENCIA Y CONTRARRE,0.0263122294372294,15875,417.7066423160173,-11.687066419714343,437.4566431076801,1.0255596997688525,medio
2026,MAR,FALTA DE OPORTUNIDAD EN EL PROCESO DE REFERENCIA Y CONTRARRE,0.0312226937069167,16504,515.2993369389538,23.363931701402652,468.66355158377223,2.040314702497262,alto
2026,ABR,FALTA DE OPORTUNIDAD EN EL PROCESO DE REFERENCIA Y CONTRARRE,0.0320986357642171,16092,516.5312467177818,0.2390668278647201,483.17907532425096,2.0531239257265783,alto
2024,ENE,FALTA DE OPORTUNIDAD EN LA ATENCIÓN EN OTROS SERVICIOS DE SA,0.1041394335511982,8855,922.1546840958606,,922.1546840958606,-1.9948715381513977,bajo
2024,FEB,FALTA DE OPORTUNIDAD EN LA ATENCIÓN EN OTROS SERVICIOS DE SA,0.1062394283216451,9055,961.9980234524965,4.320678519970955,942.0763537741785,-1.8804790264705813,bajo
2024,MAR,FALTA DE OPORTUNIDAD EN LA ATENCIÓN EN OTROS SERVICIOS DE SA,0.1097376193946833,9066,994.8812574321992,3.418222613565125,959.6779883268522,-1.7860693763793505,bajo
2024,ABR,FALTA DE OPORTUNIDAD EN LA ATENCIÓN EN OTROS SERVICIOS DE SA,0.1144612609148915,12642,1447.0192604860592,45.446428875425184,1134.632847123585,-0.487955246619151,bajo
2024,MAY,FALTA DE OPORTUNIDAD EN LA ATENCIÓN EN OTROS SERVICIOS DE SA,0.1290850437140586,11462,1479.57277105054,2.2496943512380074,1307.1577629895994,-0.3944922513574664,bajo
2024,JUN,FALTA DE OPORTUNIDAD EN LA ATENCIÓN EN OTROS SERVICIOS DE SA,0.1391590576823748,10009,1392.8430083428902,-5.86181122041528,1439.81167995983,-0.6434983726768856,bajo
2024,JUL,FALTA DE OPORTUNIDAD EN LA ATENCIÓN EN OTROS SERVICIOS DE SA,0.143330622991443,11816,1693.5946412668911,21.592644046927777,1522.0034735534402,0.21997680881674242,medio
2024,AGO,FALTA DE OPORTUNIDAD EN LA ATENCIÓN EN OTROS SERVICIOS DE SA,0.1374871145175124,11212,1541.5055279703497,-8.980254754630746,1542.6477258600437,-0.21667975537262502,bajo
2024,SEP,FALTA DE OPORTUNIDAD EN LA ATENCIÓN EN OTROS SERVICIOS DE SA,0.1304461386418184,12446,1623.5326415360723,5.321233824813132,1619.5442702577711,0.018824790637467368,medio
2024,OCT,FALTA DE OPORTUNIDAD EN LA ATENCIÓN EN OTROS SERVICIOS DE SA,0.1252806762646942,14117,1768.5873068286885,8.93450871153263,1644.541825445037,0.43528505129277634,medio
2024,NOV,FALTA DE OPORTUNIDAD EN LA ATENCIÓN EN OTROS SERVICIOS DE SA,0.1191376828574297,11777,1403.0844910119506,-20.66637108643129,1598.401479792237,-0.6140944887463022,bajo
2025,ENE,FALTA DE OPORTUNIDAD EN LA ATENCIÓN EN OTROS SERVICIOS DE SA,0.1082179747760686,13174,1425.663599699929,1.609247969927563,1532.4451325135226,-0.5492685731468909,bajo
2025,FEB,FALTA DE OPORTUNIDAD EN LA ATENCIÓN EN OTROS SERVICIOS DE SA,0.1117208395367527,13024,1455.0522141266683,2.061398946632642,1427.9334349461826,-0.46489217615360307,bajo
2025,MAR,FALTA DE OPORTUNIDAD EN LA ATENCIÓN EN OTROS SERVICIOS DE SA,0.1111905701321759,14700,1634.5013809429868,12.332833493815553,1505.072398256528,0.05031667035914825,medio
2025,ABR,FALTA DE OPORTUNIDAD EN LA ATENCIÓN EN OTROS SERVICIOS DE SA,0.1137921075432562,14332,1630.8684853099485,-0.2222632342434805,1573.4740267932011,0.03988641870735477,medio
2025,MAY,FALTA DE OPORTUNIDAD EN LA ATENCIÓN EN OTROS SERVICIOS DE SA,0.1104905536273248,15946,1761.8823681413228,8.033381232851223,1675.750744798086,0.41603478789872933,medio
2025,JUN,FALTA DE OPORTUNIDAD EN LA ATENCIÓN EN OTROS SERVICIOS DE SA,0.1102540437486105,14501,1598.7938883986014,-9.256490824343155,1663.848247283291,-0.05220158799802846,bajo
2025,JUL,FALTA DE OPORTUNIDAD EN LA ATENCIÓN EN OTROS SERVICIOS DE SA,0.1173201929125602,18804,2206.088907527784,37.98457221633911,1855.5883880225695,1.6913772307253192,alto
2025,AGO,FALTA DE OPORTUNIDAD EN LA ATENCIÓN EN OTROS SERVICIOS DE SA,0.1205179348870496,14221,1713.885552028733,-22.311129611300686,1839.589449318373,0.2782331769781077,medio
2025,SEP,FALTA DE OPORTUNIDAD EN LA ATENCIÓN EN OTROS SERVICIOS DE SA,0.1219669402193496,19037,2321.88464095576,35.474894353787874,2080.619700170759,2.023833420458379,alto
2025,OCT,FALTA DE OPORTUNIDAD EN LA ATENCIÓN EN OTROS SERVICIOS DE SA,0.1147116007777057,17694,2029.7070641607256,-12.583638809668207,2021.82575238174,1.1849748456980775,medio
2026,ENE,FALTA DE OPORTUNIDAD EN LA ATENCIÓN EN OTROS SERVICIOS DE SA,0.1109001606966979,14509,1609.0504315483904,-20.724992292731404,1986.8807122216258,-0.022754464563791908,bajo
2026,FEB,FALTA DE OPORTUNIDAD EN LA ATENCIÓN EN OTROS SERVICIOS DE SA,0.1145833333333333,15875,1819.0104166666663,13.048688903817096,1819.2559707919274,0.5800526906087139,medio
2026,MAR,FALTA DE OPORTUNIDAD EN LA ATENCIÓN EN OTROS SERVICIOS DE SA,0.1209786575441041,16504,1996.6317641078945,9.764724039718198,1808.230870774317,1.090013762898931,medio
2026,ABR,FALTA DE OPORTUNIDAD EN LA ATENCIÓN EN OTROS SERVICIOS DE SA,0.1238256952467644,16092,1992.6030879109337,-0.201773620423229,1936.0817562284983,1.078447202556335,medio
2024,ENE,FALTA DE OPORTUNIDAD EN LA AUTORIZACIÓN DE CITAS DE CONSULTA,0.0433136217449942,8855,383.5421205519245,,383.5421205519245,-1.0834597843649585,bajo
2024,FEB,FALTA DE OPORTUNIDAD EN LA AUTORIZACIÓN DE CITAS DE CONSULTA,0.0454605925841458,9055,411.6456658494403,7.327368701271797,397.5938932006824,-0.7805681455424153,bajo
2024,MAR,FALTA DE OPORTUNIDAD EN LA AUTORIZACIÓN DE CITAS DE CONSULTA,0.0418696536115692,9066,379.5902796424873,-7.787130745274817,391.592688681284,-1.1260515483845392,bajo
2024,ABR,FALTA DE OPORTUNIDAD EN LA AUTORIZACIÓN DE CITAS DE CONSULTA,0.0431346163799158,12642,545.3078202748964,43.656950538482754,445.5145885889413,0.6600027352445303,medio
2024,MAY,FALTA DE OPORTUNIDAD EN LA AUTORIZACIÓN DE CITAS DE CONSULTA,0.0432231520875216,11462,495.4237692271728,-9.147870100703193,473.44062304818544,0.12236729412856669,medio
2024,JUN,FALTA DE OPORTUNIDAD EN LA AUTORIZACIÓN DE CITAS DE CONSULTA,0.0410928923478276,10009,411.2987595094066,-16.98041453461053,484.01011633715854,-0.7843069987276053,bajo
2024,JUL,FALTA DE OPORTUNIDAD EN LA AUTORIZACIÓN DE CITAS DE CONSULTA,0.040500251674604,11816,478.550973787122,16.35118334855501,461.7578341745671,-0.05948266850964372,bajo
2024,AGO,FALTA DE OPORTUNIDAD EN LA AUTORIZACIÓN DE CITAS DE CONSULTA,0.0377633163100699,11212,423.40230246850433,-11.524095517387856,437.7506785883443,-0.6538586185097462,bajo
2024,SEP,FALTA DE OPORTUNIDAD EN LA AUTORIZACIÓN DE CITAS DE CONSULTA,0.0342227869546802,12446,425.93680643795005,0.5986042009382464,442.6300275645255,-0.6265424897871714,bajo
2024,OCT,FALTA DE OPORTUNIDAD EN LA AUTORIZACIÓN DE CITAS DE CONSULTA,0.0314837718086958,14117,444.4564066233594,4.3479689722722314,431.2651718432712,-0.4269437562070085,bajo
2024,NOV,FALTA DE OPORTUNIDAD EN LA AUTORIZACIÓN DE CITAS DE CONSULTA,0.0302815251230207,11777,356.62552137381584,-19.76141730452613,409.0062448117084,-1.3735588715184748,bajo
2025,ENE,FALTA DE OPORTUNIDAD EN LA AUTORIZACIÓN DE CITAS DE CONSULTA,0.0279361130524547,13174,368.0303533530388,3.197985364392464,389.7040937834047,-1.2506409900870552,bajo
2025,FEB,FALTA DE OPORTUNIDAD EN LA AUTORIZACIÓN DE CITAS DE CONSULTA,0.0302441402390018,13024,393.8996824727599,7.0291292237261604,372.85185239987146,-0.9718290676281235,bajo
2025,MAR,FALTA DE OPORTUNIDAD EN LA AUTORIZACIÓN DE CITAS DE CONSULTA,0.0310650522785559,14700,456.6562684947721,15.932124044388418,406.1954347735236,-0.295457279446815,bajo
2025,ABR,FALTA DE OPORTUNIDAD EN LA AUTORIZACIÓN DE CITAS DE CONSULTA,0.0314411741539107,14332,450.6149079738493,-1.3229557848480455,433.7236196471271,-0.3605692633452262,bajo
2025,MAY,FALTA DE OPORTUNIDAD EN LA AUTORIZACIÓN DE CITAS DE CONSULTA,0.0306206945154072,15946,488.277594742684,8.358064969084511,465.1829237371018,0.04534795446859954,medio
2025,JUN,FALTA DE OPORTUNIDAD EN LA AUTORIZACIÓN DE CITAS DE CONSULTA,0.0331988224118998,14501,481.4161237949595,-1.405239769672495,473.4362088371643,-0.028602935288830886,bajo
2025,JUL,FALTA DE OPORTUNIDAD EN LA AUTORIZACIÓN DE CITAS DE CONSULTA,0.0342000419375131,18804,643.0975885929964,33.584555399498605,537.59710237688,1.713951725394336,alto
2025,AGO,FALTA DE OPORTUNIDAD EN LA AUTORIZACIÓN DE CITAS DE CONSULTA,0.0377981140702551,14221,537.5269801930991,-16.41595463464113,554.0135641936849,0.5761431588515115,medio
2025,SEP,FALTA DE OPORTUNIDAD EN LA AUTORIZACIÓN DE CITAS DE CONSULTA,0.0371351573562325,19037,706.9419905905997,31.517489659149867,629.1888531255651,2.402047670086718,alto
2025,OCT,FALTA DE OPORTUNIDAD EN LA AUTORIZACIÓN DE CITAS DE CONSULTA,0.0369146789329202,17694,653.1683290390907,-7.606516838331379,632.5457666075965,1.8224911657240799,alto
2026,ENE,FALTA DE OPORTUNIDAD EN LA AUTORIZACIÓN DE CITAS DE CONSULTA,0.0343683583017987,14509,498.6505106007983,-23.656661165064673,619.5869434101629,0.15714415136729865,medio
2026,FEB,FALTA DE OPORTUNIDAD EN LA AUTORIZACIÓN DE CITAS DE CONSULTA,0.0349886855568673,15875,555.4453832152697,11.38971512252982,569.0880742850529,0.7692623685103648,medio
2026,MAR,FALTA DE OPORTUNIDAD EN LA AUTORIZACIÓN DE CITAS DE CONSULTA,0.0348092771435261,16504,574.4923099767558,3.429126847941455,542.8627345976079,0.9745444708303679,medio
2026,ABR,FALTA DE OPORTUNIDAD EN LA AUTORIZACIÓN DE CITAS DE CONSULTA,0.0334173581206455,16092,537.7521268774289,-6.395243671897621,555.8966066898181,0.5785697227412325,medio
2024,ENE,FALTA DE OPORTUNIDAD EN LA AUTORIZACIÓN DE OTROS SERVICIOS D,0.0803610333022097,8855,711.5969498910675,,711.5969498910675,-1.2169404601457665,bajo
2024,FEB,FALTA DE OPORTUNIDAD EN LA AUTORIZACIÓN DE OTROS SERVICIOS D,0.0812380029268107,9055,735.6101165022711,3.3745460284617,723.6035331966693,-1.0820248329105118,bajo
2024,MAR,FALTA DE OPORTUNIDAD EN LA AUTORIZACIÓN DE OTROS SERVICIOS D,0.0777360082857033,9066,704.7546511181864,-4.194540652975021,717.3205725038416,-1.2553832463730346,bajo
2024,ABR,FALTA DE OPORTUNIDAD EN LA AUTORIZACIÓN DE OTROS SERVICIOS D,0.080901435109537,12642,1022.7559426547678,45.12226929358043,821.0402367584084,0.5312758979174976,medio
2024,MAY,FALTA DE OPORTUNIDAD EN LA AUTORIZACIÓN DE OTROS SERVICIOS D,0.0804463353437125,11462,922.0758957096326,-9.84399530192901,883.1954964941956,-0.03438509563677891,bajo
2024,JUN,FALTA DE OPORTUNIDAD EN LA AUTORIZACIÓN DE OTROS SERVICIOS D,0.0763729000516506,10009,764.4163566169713,-17.09832561790655,903.0827316604573,-0.9201797911345188,bajo
2024,JUL,FALTA DE OPORTUNIDAD EN LA AUTORIZACIÓN DE OTROS SERVICIOS D,0.0751461648662252,11816,887.9270840593178,16.157520227453027,858.1397787953073,-0.22624685288587293,bajo
2024,AGO,FALTA DE OPORTUNIDAD EN LA AUTORIZACIÓN DE OTROS SERVICIOS D,0.0702150596863417,11212,787.2512492032641,-11.338299806758467,813.1982299598511,-0.7918841812297426,bajo
2024,SEP,FALTA DE OPORTUNIDAD EN LA AUTORIZACIÓN DE OTROS SERVICIOS D,0.0647042213751235,12446,805.3087392347875,2.2937391397979123,826.8290241657897,-0.6904299401734764,bajo
2024,OCT,FALTA DE OPORTUNIDAD EN LA AUTORIZACIÓN DE OTROS SERVICIOS D,0.06117842004779,14117,863.6557558146516,7.2452978264343715,818.7385814175677,-0.36261293600104677,bajo
2024,NOV,FALTA DE OPORTUNIDAD EN LA AUTORIZACIÓN DE OTROS SERVICIOS D,0.0603755899976567,11777,711.0433234024035,-17.670516451117134,793.3359394839475,-1.2200509564073179,bajo
2025,ENE,FALTA DE OPORTUNIDAD EN LA AUTORIZACIÓN DE OTROS SERVICIOS D,0.0562633445111981,13174,741.2133005905247,4.243057517755067,771.9707932691932,-1.05054389130789,bajo
2025,FEB,FALTA DE OPORTUNIDAD EN LA AUTORIZACIÓN DE OTROS SERVICIOS D,0.0605475697967035,13024,788.5715490322665,6.3892874566621405,746.9427243417316,-0.7844662058143159,bajo
2025,MAR,FALTA DE OPORTUNIDAD EN LA AUTORIZACIÓN DE OTROS SERVICIOS D,0.0646207338725586,14700,949.9247879266128,20.461458328335414,826.5698791831346,0.12208118063966608,medio
2025,ABR,FALTA DE OPORTUNIDAD EN LA AUTORIZACIÓN DE OTROS SERVICIOS D,0.0686914170189303,14332,984.4853887153098,3.6382460198908895,907.6605752247297,0.31625653487465627,medio
2025,MAY,FALTA DE OPORTUNIDAD EN LA AUTORIZACIÓN DE OTROS SERVICIOS D,0.0671787734103842,15946,1071.2327208019872,8.811439263702736,1001.8809658146366,0.8036379331280045,medio
2025,JUN,FALTA DE OPORTUNIDAD EN LA AUTORIZACIÓN DE OTROS SERVICIOS D,0.0700220292510728,14501,1015.3894461698072,-5.212991868879103,1023.7025185623683,0.4898879581307035,medio
2025,JUL,FALTA DE OPORTUNIDAD EN LA AUTORIZACIÓN DE OTROS SERVICIOS D,0.0710683581463619,18804,1336.3694065841896,31.61151237342128,1140.9971911853281,2.2932824620879266,alto
2025,AGO,FALTA DE OPORTUNIDAD EN LA AUTORIZACIÓN DE OTROS SERVICIOS D,0.0727931772548655,14221,1035.1917737414433,-22.537004465895972,1128.9835421651467,0.6011453981968868,medio
2025,SEP,FALTA DE OPORTUNIDAD EN LA AUTORIZACIÓN DE OTROS SERVICIOS D,0.0699513289382197,19037,1331.663448996889,28.639299767995887,1234.4082097741739,2.266842499799198,alto
2025,OCT,FALTA DE OPORTUNIDAD EN LA AUTORIZACIÓN DE OTROS SERVICIOS D,0.0664000547976964,17694,1174.88256959044,-11.773311006211696,1180.5792641095907,1.3859844677832485,medio
2026,ENE,FALTA DE OPORTUNIDAD EN LA AUTORIZACIÓN DE OTROS SERVICIOS D,0.0611813799180965,14509,887.6806412316624,-24.44516037538076,1131.4088866063305,-0.22763146780189353,bajo
2026,FEB,FALTA DE OPORTUNIDAD EN LA AUTORIZACIÓN DE OTROS SERVICIOS D,0.0608520267611176,15875,966.025924832743,8.82584118229457,1009.5297118849485,0.2125438430641114,medio
2026,MAR,FALTA DE OPORTUNIDAD EN LA AUTORIZACIÓN DE OTROS SERVICIOS D,0.0617828974796826,16504,1019.6649400046832,5.552544066685083,957.7905020230296,0.5139094019416015,medio
2026,ABR,FALTA DE OPORTUNIDAD EN LA AUTORIZACIÓN DE OTROS SERVICIOS D,0.0612855792458775,16092,986.2075412246612,-3.281214982234104,990.632802020696,0.3259322802586704,medio
2024,ENE,FALTA DE OPORTUNIDAD EN LA AUTORIZACIÓN DE TECNOLOGÍAS EN SA,0.0412905903101981,8855,365.62817719680464,,365.62817719680464,-1.678228122066165,bajo
2024,FEB,FALTA DE OPORTUNIDAD EN LA AUTORIZACIÓN DE TECNOLOGÍAS EN SA,0.0408233080563316,9055,369.6550544500827,1.1013585670971215,367.64161582344366,-1.6457523855021194,bajo
2024,MAR,FALTA DE OPORTUNIDAD EN LA AUTORIZACIÓN DE TECNOLOGÍAS EN SA,0.0435670720012275,9066,394.9790747631286,6.850716636546261,376.754102136672,-1.4415206295528817,bajo
2024,ABR,FALTA DE OPORTUNIDAD EN LA AUTORIZACIÓN DE TECNOLOGÍAS EN SA,0.0451900540476595,12642,571.2926632705119,44.63871626949343,445.3089308279077,-0.019596569571620266,bajo
2024,MAY,FALTA DE OPORTUNIDAD EN LA AUTORIZACIÓN DE TECNOLOGÍAS EN SA,0.0444932753596085,11462,509.9819221718329,-10.731932167252046,492.08455340182445,-0.5140520374769935,bajo
2024,JUN,FALTA DE OPORTUNIDAD EN LA AUTORIZACIÓN DE TECNOLOGÍAS EN SA,0.0467306901049645,10009,467.7274772605906,-8.28547896978299,516.3340209009784,-0.8548233436995548,bajo
2024,JUL,FALTA DE OPORTUNIDAD EN LA AUTORIZACIÓN DE TECNOLOGÍAS EN SA,0.0477020172687497,11816,563.6470360475471,20.507574057599285,513.7854784933235,-0.08125660039520073,bajo
2024,AGO,FALTA DE OPORTUNIDAD EN LA AUTORIZACIÓN DE TECNOLOGÍAS EN SA,0.0430670202469291,11212,482.8674310085693,-14.331594042510588,504.7473147722357,-0.732723483538448,bajo
2024,SEP,FALTA DE OPORTUNIDAD EN LA AUTORIZACIÓN DE TECNOLOGÍAS EN SA,0.0407313285331074,12446,506.9421149230552,4.9857750530411415,517.8188606597239,-0.5385673065571268,bajo
2024,OCT,FALTA DE OPORTUNIDAD EN LA AUTORIZACIÓN DE TECNOLOGÍAS EN SA,0.0385622170723214,14117,544.3828184099614,7.38559736600084,511.3974547805287,-0.236617595469335,bajo
2024,NOV,FALTA DE OPORTUNIDAD EN LA AUTORIZACIÓN DE TECNOLOGÍAS EN SA,0.0401097981454825,11777,472.3730927593479,-13.227773400516229,507.89934203078815,-0.8173576412144157,bajo
2025,ENE,FALTA DE OPORTUNIDAD EN LA AUTORIZACIÓN DE TECNOLOGÍAS EN SA,0.0351750094573713,13174,463.3955745914095,-1.9005142980300982,493.38382858690625,-0.8897590323379135,bajo
2025,FEB,FALTA DE OPORTUNIDAD EN LA AUTORIZACIÓN DE TECNOLOGÍAS EN SA,0.0394471600416342,13024,513.7598123822448,10.868519371434026,483.17615991100075,-0.48358431782118555,bajo
2025,MAR,FALTA DE OPORTUNIDAD EN LA AUTORIZACIÓN DE TECNOLOGÍAS EN SA,0.0416255671730124,14700,611.8958374432826,19.10153785793256,529.6837414723124,0.3078576598875846,medio
2025,ABR,FALTA DE OPORTUNIDAD EN LA AUTORIZACIÓN DE TECNOLOGÍAS EN SA,0.0422913330007614,14332,606.1193845669126,-0.9440255224657412,577.25834479748,0.2612720427732543,medio
2025,MAY,FALTA DE OPORTUNIDAD EN LA AUTORIZACIÓN DE TECNOLOGÍAS EN SA,0.0384197513463356,15946,612.6413549686687,1.076020758916374,610.2188589929547,0.3138700683210941,medio
2025,JUN,FALTA DE OPORTUNIDAD EN LA AUTORIZACIÓN DE TECNOLOGÍAS EN SA,0.038487190024185,14501,558.1027425407069,-8.902208769558328,592.2878273587627,-0.12596991148888198,bajo
2025,JUL,FALTA DE OPORTUNIDAD EN LA AUTORIZACIÓN DE TECNOLOGÍAS EN SA,0.0392325435101698,18804,737.7287481652338,32.18511430472415,636.1576152248698,1.3226679465350248,medio
2025,AGO,FALTA DE OPORTUNIDAD EN LA AUTORIZACIÓN DE TECNOLOGÍAS EN SA,0.0416746738057214,14221,592.6555361911641,-19.664844610552823,629.4956756323683,0.15268954435388404,medio
2025,SEP,FALTA DE OPORTUNIDAD EN LA AUTORIZACIÓN DE TECNOLOGÍAS EN SA,0.040906022726696,19037,778.7279546481118,31.396385774573975,703.0374130015033,1.6533160754267051,alto
2025,OCT,FALTA DE OPORTUNIDAD EN LA AUTORIZACIÓN DE TECNOLOGÍAS EN SA,0.0404238391055329,17694,715.2594091333007,-8.150284722151913,695.5476333241922,1.1414584660187577,medio
2026,ENE,FALTA DE OPORTUNIDAD EN LA AUTORIZACIÓN DE TECNOLOGÍAS EN SA,0.0445285366232958,14509,646.0645378673993,-9.674094514848353,713.3506338829371,0.583419501959155,medio
2026,FEB,FALTA DE OPORTUNIDAD EN LA AUTORIZACIÓN DE TECNOLOGÍAS EN SA,0.0472378000787091,15875,749.9000762495081,16.072007097752273,703.7413410834027,1.4208265989194977,medio
2026,MAR,FALTA DE OPORTUNIDAD EN LA AUTORIZACIÓN DE TECNOLOGÍAS EN SA,0.0477963643009303,16504,788.8311964225544,5.191507696299147,728.2652701798206,1.7347961399214853,alto
2026,ABR,FALTA DE OPORTUNIDAD EN LA AUTORIZACIÓN DE TECNOLOGÍAS EN SA,0.0446498383689855,16092,718.505199033715,-8.915215030513036,752.4121572352592,1.1676349325753903,medio
2024,ENE,FALTA DE OPORTUNIDAD EN LA ENTREGA O ENTREGA INCOMPLETA DE T,0.0636580558149185,8855,563.6920842411038,,563.6920842411038,-1.6070576639984477,bajo
2024,FEB,FALTA DE OPORTUNIDAD EN LA ENTREGA O ENTREGA INCOMPLETA DE T,0.0611209304977478,9055,553.450025657107,-1.8169598031140821,558.5710549491054,-1.6304533558591214,bajo
2024,MAR,FALTA DE OPORTUNIDAD EN LA ENTREGA O ENTREGA INCOMPLETA DE T,0.0708120756454025,9066,641.9822778012198,15.99643112112954,586.3747958998101,-1.4282212289963163,bajo
2024,ABR,FALTA DE OPORTUNIDAD EN LA ENTREGA O ENTREGA INCOMPLETA DE T,0.0630457445785983,12642,797.0243029626398,24.150514823000524,664.1522021403222,-1.07406240278153,bajo
2024,MAY,FALTA DE OPORTUNIDAD EN LA ENTREGA O ENTREGA INCOMPLETA DE T,0.0685087350195583,11462,785.2471207941777,-1.4776440473251329,741.4179005193458,-1.1009647410898544,bajo
2024,JUN,FALTA DE OPORTUNIDAD EN LA ENTREGA O ENTREGA INCOMPLETA DE T,0.0781938036750737,10009,782.6417809838132,-0.33178597429679435,788.3044015802102,-1.1069160571163879,bajo
2024,JUL,FALTA DE OPORTUNIDAD EN LA ENTREGA O ENTREGA INCOMPLETA DE T,0.0741936732876447,11816,876.67244356681,12.014521185515603,814.8537817816003,-0.8921240415069358,bajo
2024,AGO,FALTA DE OPORTUNIDAD EN LA ENTREGA O ENTREGA INCOMPLETA DE T,0.0762269733477073,11212,854.656825174495,-2.511270720765757,837.9903499083727,-0.9424137972044453,bajo
2024,SEP,FALTA DE OPORTUNIDAD EN LA ENTREGA O ENTREGA INCOMPLETA DE T,0.0911054637865311,12446,1133.8986022871663,32.67297105544773,955.0759570094905,-0.30454841903107316,bajo
2024,OCT,FALTA DE OPORTUNIDAD EN LA ENTREGA O ENTREGA INCOMPLETA DE T,0.1065849353393931,14117,1504.659532186213,32.697891076961504,1164.4049865492914,0.5423719924034339,medio
2024,NOV,FALTA DE OPORTUNIDAD EN LA ENTREGA O ENTREGA INCOMPLETA DE T,0.1262678673049241,11777,1487.056673250092,-1.1698898361774068,1375.2049359078237,0.5021621986242929,medio
2025,ENE,FALTA DE OPORTUNIDAD EN LA ENTREGA O ENTREGA INCOMPLETA DE T,0.1286651321146682,13174,1695.0344504786394,13.985867584588686,1562.2502186383147,0.9772409096082049,medio
2025,FEB,FALTA DE OPORTUNIDAD EN LA ENTREGA O ENTREGA INCOMPLETA DE T,0.125370558241874,13024,1632.826150542168,-3.67003159840823,1604.9724247569666,0.8351399633429576,medio
2025,MAR,FALTA DE OPORTUNIDAD EN LA ENTREGA O ENTREGA INCOMPLETA DE T,0.125228102189781,14700,1840.853102189781,12.74030009738263,1722.9045677368629,1.310331002287743,medio
2025,ABR,FALTA DE OPORTUNIDAD EN LA ENTREGA O ENTREGA INCOMPLETA DE T,0.1232966629033528,14332,1767.087772730853,-4.007127422127321,1746.922341820934,1.1418306071895648,medio
2025,MAY,FALTA DE OPORTUNIDAD EN LA ENTREGA O ENTREGA INCOMPLETA DE T,0.1254074243732271,15946,1999.7467890554803,13.166239952250747,1869.2292213253716,1.6732880881146812,alto
2025,JUN,FALTA DE OPORTUNIDAD EN LA ENTREGA O ENTREGA INCOMPLETA DE T,0.1165933481093243,14501,1690.720140933313,-15.453288877044614,1819.1849009065488,0.9673858344896409,medio
2025,JUL,FALTA DE OPORTUNIDAD EN LA ENTREGA O ENTREGA INCOMPLETA DE T,0.0981652338016355,18804,1845.8990564059552,9.17827331180785,1845.4553287982496,1.321857356000378,medio
2025,AGO,FALTA DE OPORTUNIDAD EN LA ENTREGA O ENTREGA INCOMPLETA DE T,0.0874644648690915,14221,1243.832154903351,-32.61645859849207,1593.483784080873,-0.05342980834707416,bajo
2025,SEP,FALTA DE OPORTUNIDAD EN LA ENTREGA O ENTREGA INCOMPLETA DE T,0.0835731360099879,19037,1590.9817902221412,27.9096849161103,1560.237667177149,0.7395558820642196,medio
2025,OCT,FALTA DE OPORTUNIDAD EN LA ENTREGA O ENTREGA INCOMPLETA DE T,0.0756524350726332,17694,1338.5941861751735,-15.863638766835164,1391.1360437668884,0.16303285543725216,medio
2026,ENE,FALTA DE OPORTUNIDAD EN LA ENTREGA O ENTREGA INCOMPLETA DE T,0.0888626820797263,14509,1289.3086542947487,-3.6818874898336906,1406.2948768973547,0.05045108219241931,medio
2026,FEB,FALTA DE OPORTUNIDAD EN LA ENTREGA O ENTREGA INCOMPLETA DE T,0.0838806080283353,15875,1331.6046524498229,3.280517664578153,1319.8358309732484,0.14706682908161342,medio
2026,MAR,FALTA DE OPORTUNIDAD EN LA ENTREGA O ENTREGA INCOMPLETA DE T,0.0764604761931957,16504,1261.903699092503,-5.234357902631781,1294.2723352790251,-0.01214940794431076,bajo
2026,ABR,FALTA DE OPORTUNIDAD EN LA ENTREGA O ENTREGA INCOMPLETA DE T,0.0727806369545682,16092,1171.1860098729126,-7.18895501176754,1254.8981204717463,-0.21937367696090676,bajo
2024,ENE,FALTA DE OPORTUNIDAD EN LAS CITAS O CONSULTAS,0.1527544351073763,8855,1352.6405228758172,,1352.6405228758172,-1.9887396600542084,bajo
2024,FEB,FALTA DE OPORTUNIDAD EN LAS CITAS O CONSULTAS,0.156261284375772,9055,1414.9459300226165,4.606205868676283,1383.793226449217,-1.8739623319435639,bajo
2024,MAR,FALTA DE OPORTUNIDAD EN LAS CITAS O CONSULTAS,0.1676320533967547,9066,1519.752196094979,7.407086295565168,1429.1128829978043,-1.6808910763349403,bajo
2024,ABR,FALTA DE OPORTUNIDAD EN LAS CITAS O CONSULTAS,0.1706604757081278,12642,2157.489733902152,41.963258184186,1697.3959533399156,-0.5060683125111634,bajo
2024,MAY,FALTA DE OPORTUNIDAD EN LAS CITAS O CONSULTAS,0.1968535228388424,11462,2256.3350787788117,4.581497808468504,1977.8590029253144,-0.3239781039617272,bajo
2024,JUN,FALTA DE OPORTUNIDAD EN LAS CITAS O CONSULTAS,0.2044927295170228,10009,2046.7677297358812,-9.287953328118004,2153.530847472282,-0.7100373800965445,bajo
2024,JUL,FALTA DE OPORTUNIDAD EN LAS CITAS O CONSULTAS,0.2130251287412398,11816,2517.104921206489,22.97950982114132,2273.4025765737274,0.15640501423478317,medio
2024,AGO,FALTA DE OPORTUNIDAD EN LAS CITAS O CONSULTAS,0.2094333535304254,11212,2348.16675978313,-6.71160586116466,2304.0131369085,-0.15480827642572084,bajo
2024,SEP,FALTA DE OPORTUNIDAD EN LAS CITAS O CONSULTAS,0.1993011435832274,12446,2480.502033036849,5.635684633656113,2448.591238008823,0.08897616820629135,medio
2024,OCT,FALTA DE OPORTUNIDAD EN LAS CITAS O CONSULTAS,0.1907097657328802,14117,2692.2497628510705,8.536486847986225,2506.9728518903503,0.4790520825536313,medio
2024,NOV,FALTA DE OPORTUNIDAD EN LAS CITAS O CONSULTAS,0.1800220935292739,11777,2120.120195494259,-21.250984037637387,2430.957330460726,-0.5749094607774803,bajo
2025,ENE,FALTA DE OPORTUNIDAD EN LAS CITAS O CONSULTAS,0.1564088918525547,13174,2060.530741265557,-2.8106639593049043,2290.966899870296,-0.684683534219087,bajo
2025,FEB,FALTA DE OPORTUNIDAD EN LAS CITAS O CONSULTAS,0.1663592405697044,13024,2166.662749179831,5.1507121824879265,2115.7712286465494,-0.4891700330117699,bajo
2025,MAR,FALTA DE OPORTUNIDAD EN LAS CITAS O CONSULTAS,0.1666255671730124,14700,2449.3958374432827,13.04924305226911,2225.52977596289,0.031673179887724036,medio
2025,ABR,FALTA DE OPORTUNIDAD EN LAS CITAS O CONSULTAS,0.1694213248615013,14332,2428.146427915037,-0.8675367698193881,2348.0683381793838,-0.007471904965577144,bajo
2025,MAY,FALTA DE OPORTUNIDAD EN LAS CITAS O CONSULTAS,0.162705474021741,15946,2594.5014887506827,6.851113216367644,2490.6812513696677,0.2989828679791179,medio
2025,JUN,FALTA DE OPORTUNIDAD EN LAS CITAS O CONSULTAS,0.1672538888028079,14501,2425.3486415295174,-6.519666608579078,2482.665519398413,-0.01262591102475678,bajo
2025,JUL,FALTA DE OPORTUNIDAD EN LAS CITAS O CONSULTAS,0.1772384147620046,18804,3332.791151184734,37.414930543055824,2784.213760488312,1.659040023632313,alto
2025,AGO,FALTA DE OPORTUNIDAD EN LAS CITAS O CONSULTAS,0.1817410723160622,14221,2584.5397894067205,-22.451192644100328,2780.893194040324,0.280631696122595,medio
2025,SEP,FALTA DE OPORTUNIDAD EN LAS CITAS O CONSULTAS,0.1855945837583804,19037,3533.1640910082874,36.703799472915954,3150.165010533248,2.028161608929647,alto
2025,OCT,FALTA DE OPORTUNIDAD EN LAS CITAS O CONSULTAS,0.1683817291834616,17694,2979.34631617217,-15.674838772576505,3032.3500655290595,1.0079335522201658,medio
2026,ENE,FALTA DE OPORTUNIDAD EN LAS CITAS O CONSULTAS,0.1635996060339018,14509,2373.666683945881,-20.329279242852827,2962.0590303754466,-0.10783300900585398,bajo
2026,FEB,FALTA DE OPORTUNIDAD EN LAS CITAS O CONSULTAS,0.1734860783156237,15875,2754.0914932605274,16.026884140373276,2702.3681644595267,0.5929752379775645,medio
2026,MAR,FALTA DE OPORTUNIDAD EN LAS CITAS O CONSULTAS,0.1887639422719978,16504,3115.360103257052,13.117523905090888,2747.7060934878205,1.2584944550809822,medio
2026,ABR,FALTA DE OPORTUNIDAD EN LAS CITAS O CONSULTAS,0.1927318558974897,16092,3101.441025102405,-0.4467887400912196,2990.297540539995,1.2328531075075773,medio
2024,ENE,NEGACIÓN EN LA ASIGNACIÓN DE CITAS O CONSULTAS,0.2466023446415603,8855,2183.663761801017,,2183.663761801017,-0.909892595483879,bajo
2024,FEB,NEGACIÓN EN LA ASIGNACIÓN DE CITAS O CONSULTAS,0.2475435695687705,9055,2241.507022445217,2.6489087585761295,2212.585392123117,-0.7838412616955168,bajo
2024,MAR,NEGACIÓN EN LA ASIGNACIÓN DE CITAS O CONSULTAS,0.2248168322528674,9066,2038.189401204496,-9.070577036110539,2154.453395150243,-1.2269085620974283,bajo
2024,ABR,NEGACIÓN EN LA ASIGNACIÓN DE CITAS O CONSULTAS,0.2233403080199037,12642,2823.468173987623,38.52825317995743,2367.7215325457787,0.48436143898136425,medio
2024,MAY,NEGACIÓN EN LA ASIGNACIÓN DE CITAS O CONSULTAS,0.2031651783627098,11462,2328.67927439338,-17.524153597787695,2396.778949861833,-0.5938765448896898,bajo
2024,JUN,NEGACIÓN EN LA ASIGNACIÓN DE CITAS O CONSULTAS,0.1938386924511288,10009,1940.1314727433487,-16.685329144403028,2364.0929737081174,-1.4405952134617264,bajo
2024,JUL,NEGACIÓN EN LA ASIGNACIÓN DE CITAS O CONSULTAS,0.1987764742323924,11816,2348.742819529949,21.061013262612715,2205.851188888893,-0.5501543100636853,bajo
2024,AGO,NEGACIÓN EN LA ASIGNACIÓN DE CITAS O CONSULTAS,0.2064273966997427,11212,2314.463971797515,-1.4594551369099706,2201.1127546902712,-0.624854360325024,bajo
2024,SEP,NEGACIÓN EN LA ASIGNACIÓN DE CITAS O CONSULTAS,0.1953691938444162,12446,2431.564986587604,5.059530682568503,2364.923925971689,-0.3696692456224445,bajo
2024,OCT,NEGACIÓN EN LA ASIGNACIÓN DE CITAS O CONSULTAS,0.2000096060325884,14117,2823.535608362052,16.120096478462997,2523.1881889157235,0.4845083911542759,medio
2024,NOV,NEGACIÓN EN LA ASIGNACIÓN DE CITAS O CONSULTAS,0.185043350182439,11777,2179.255535098584,-22.818202517276486,2478.11871001608,-0.9194989497815916,bajo
2025,ENE,NEGACIÓN EN LA ASIGNACIÓN DE CITAS O CONSULTAS,0.1723165109673448,13174,2270.0977154838006,4.168496026378432,2424.296286314812,-0.7215367693257828,bajo
2025,FEB,NEGACIÓN EN LA ASIGNACIÓN DE CITAS O CONSULTAS,0.1715898760194469,13024,2234.786545277276,-1.555491200474557,2228.046598619887,-0.7984864442332703,bajo
2025,MAR,NEGACIÓN EN LA ASIGNACIÓN DE CITAS O CONSULTAS,0.1682592720457684,14700,2473.4112990727954,10.677742547707725,2326.098519944624,-0.278478267725664,bajo
2025,ABR,NEGACIÓN EN LA ASIGNACIÓN DE CITAS O CONSULTAS,0.1653648226428965,14332,2370.008638117993,-4.18056879555635,2359.402160822688,-0.5038120954777398,bajo
2025,MAY,NEGACIÓN EN LA ASIGNACIÓN DE CITAS O CONSULTAS,0.1635276637478931,15946,2607.612126123904,10.025427088510108,2483.677354438231,0.013970550976774082,medio
2025,JUN,NEGACIÓN EN LA ASIGNACIÓN DE CITAS O CONSULTAS,0.1703999622740654,14501,2470.969852936223,-5.240130302308166,2482.8635390593736,-0.2837986376090349,bajo
2025,JUL,NEGACIÓN EN LA ASIGNACIÓN DE CITAS O CONSULTAS,0.1742660935206542,18804,3276.899622562382,32.615928869730325,2785.1605338741697,1.472473765947296,medio
2025,AGO,NEGACIÓN EN LA ASIGNACIÓN DE CITAS O CONSULTAS,0.1939671453279172,14221,2758.4067737083105,-15.822664975274225,2835.4254164023055,0.34258042262767896,medio
2025,SEP,NEGACIÓN EN LA ASIGNACIÓN DE CITAS O CONSULTAS,0.1946690215543273,19037,3705.91416332973,34.34980651340345,3247.0735198668076,2.407377062823389,alto
2025,OCT,NEGACIÓN EN LA ASIGNACIÓN DE CITAS O CONSULTAS,0.2022193067037604,17694,3578.068412816338,-3.4497763541971427,3347.463116618126,2.1287771500260617,alto
2026,ENE,NEGACIÓN EN LA ASIGNACIÓN DE CITAS O CONSULTAS,0.1819630915971178,14509,2640.1024959825822,-26.214309191910402,3308.0283573762167,0.08477317189323902,medio
2026,FEB,NEGACIÓN EN LA ASIGNACIÓN DE CITAS O CONSULTAS,0.18306031090122,15875,2906.0824355568675,10.074606572245749,3041.4177814519294,0.6643934382975729,medio
2026,MAR,NEGACIÓN EN LA ASIGNACIÓN DE CITAS O CONSULTAS,0.1837895566457449,16504,3033.262842881374,4.376352362493674,2859.815924806941,0.9415434432672299,medio
2026,ABR,NEGACIÓN EN LA ASIGNACIÓN DE CITAS O CONSULTAS,0.1896101016466524,16092,3051.2057556979307,0.5915383448772404,2996.850344712058,0.9806444217975964,medio
2024,ENE,NEGACIÓN EN LA ATENCIÓN EN OTROS SERVICIOS DE SALUD,0.1135594978732233,8855,1005.5693536673928,,1005.5693536673928,-0.21276971323531985,bajo
2024,FEB,NEGACIÓN EN LA ATENCIÓN EN OTROS SERVICIOS DE SALUD,0.1100119733166087,9055,996.1584183818916,-0.9358812747404022,1000.8638860246422,-0.25708510673298285,bajo
2024,MAR,NEGACIÓN EN LA ATENCIÓN EN OTROS SERVICIOS DE SALUD,0.0981337987648164,9066,889.6810196018259,-10.688801782453638,963.8029305503701,-0.7584792490150802,bajo
2024,ABR,NEGACIÓN EN LA ATENCIÓN EN OTROS SERVICIOS DE SALUD,0.0947645488757939,12642,1198.0134268877864,34.656511771371015,1027.9509549571678,0.6934350976928472,medio
2024,MAY,NEGACIÓN EN LA ATENCIÓN EN OTROS SERVICIOS DE SALUD,0.0795891969392366,11462,912.2513753175308,-23.85299239196439,999.9819406023811,-0.6521971245949226,bajo
2024,JUN,NEGACIÓN EN LA ATENCIÓN EN OTROS SERVICIOS DE SALUD,0.0707175936058269,10009,707.8123944007215,-22.410377934004156,939.3590655353463,-1.6148850626947053,bajo
2024,JUL,NEGACIÓN EN LA ATENCIÓN EN OTROS SERVICIOS DE SALUD,0.0687032950013551,11816,811.7981337360128,14.691144172931892,810.6206344847551,-1.1252239592028603,bajo
2024,AGO,NEGACIÓN EN LA ATENCIÓN EN OTROS SERVICIOS DE SALUD,0.074511532015014,11212,835.4232969523375,2.910226352405898,785.0112750296906,-1.0139748248058866,bajo
2024,SEP,NEGACIÓN EN LA ATENCIÓN EN OTROS SERVICIOS DE SALUD,0.072561061697021,12446,903.0949738811238,8.100286067632489,850.1054681898246,-0.6953139371504278,bajo
2024,OCT,NEGACIÓN EN LA ATENCIÓN EN OTROS SERVICIOS DE SALUD,0.0770403813594937,14117,1087.5790636519737,20.427983225065983,942.0324448284782,0.17340790443409976,medio
2024,NOV,NEGACIÓN EN LA ATENCIÓN EN OTROS SERVICIOS DE SALUD,0.0690188464499715,11777,812.8349546413149,-25.26198951348857,934.5029973914707,-1.1203416467640688,bajo
2025,ENE,NEGACIÓN EN LA ATENCIÓN EN OTROS SERVICIOS DE SALUD,0.0725492584779723,13174,955.7639311888076,17.58400961122102,952.059316494032,-0.44729973905074094,bajo
2025,FEB,NEGACIÓN EN LA ATENCIÓN EN OTROS SERVICIOS DE SALUD,0.0706201662736004,13024,919.7570455473722,-3.7673409161453786,896.1186437924983,-0.6168534823735639,bajo
2025,MAR,NEGACIÓN EN LA ATENCIÓN EN OTROS SERVICIOS DE SALUD,0.0650152890116393,14700,955.7247484710988,3.9105656322883986,943.7485750690929,-0.44748424755078886,bajo
2025,ABR,NEGACIÓN EN LA ATENCIÓN EN OTROS SERVICIOS DE SALUD,0.065612938798015,14332,940.364638853152,-1.6071687630271003,938.6154776238742,-0.5198138599895488,bajo
2025,MAY,NEGACIÓN EN LA ATENCIÓN EN OTROS SERVICIOS DE SALUD,0.0657164502545851,15946,1047.9145157596154,11.437039682567063,981.3346343612887,-0.013369498069646059,bajo
2025,JUN,NEGACIÓN EN LA ATENCIÓN EN OTROS SERVICIOS DE SALUD,0.066923113198014,14501,970.452064484401,-7.392058236645682,986.2437396990562,-0.3781344130769068,bajo
2025,JUL,NEGACIÓN EN LA ATENCIÓN EN OTROS SERVICIOS DE SALUD,0.067598028936884,18804,1271.1133361291677,30.981568554290973,1096.493305457728,1.0376571271085713,medio
2025,AGO,NEGACIÓN EN LA ATENCIÓN EN OTROS SERVICIOS DE SALUD,0.0750594737155996,14221,1067.420775709543,-16.02473631815675,1102.995392107704,0.07848402754969548,medio
2025,SEP,NEGACIÓN EN LA ATENCIÓN EN OTROS SERVICIOS DE SALUD,0.0812740754274577,19037,1547.214573912514,44.94889073936557,1295.249561917075,2.3377972966421248,alto
2025,OCT,NEGACIÓN EN LA ATENCIÓN EN OTROS SERVICIOS DE SALUD,0.0854211782558525,17694,1511.442328059055,-2.312041681652477,1375.359225893704,2.169348454609018,alto
2026,ENE,NEGACIÓN EN LA ATENCIÓN EN OTROS SERVICIOS DE SALUD,0.0770566585454357,14509,1118.0150588357264,-26.029922671846496,1392.2239869357652,0.3167287394141216,medio
2026,FEB,NEGACIÓN EN LA ATENCIÓN EN OTROS SERVICIOS DE SALUD,0.0782664305391578,15875,1242.4795848091303,11.1326341259677,1290.6456572346372,0.9028229242832027,medio
2026,MAR,NEGACIÓN EN LA ATENCIÓN EN OTROS SERVICIOS DE SALUD,0.0792132360919947,16504,1307.335248462281,5.21985748869378,1222.6099640357127,1.2082234151110802,medio
2026,ABR,NEGACIÓN EN LA ATENCIÓN EN OTROS SERVICIOS DE SALUD,0.0779038149587461,16092,1253.6281903161432,-4.108132034939727,1267.8143411958515,0.9553208774626968,medio
2024,ENE,NEGACIÓN PARA LA ENTREGA DE TECNOLOGÍAS EN SALUD Y/O DE OTRO,0.1316319120240688,8855,1165.6005809731298,,1165.6005809731298,-1.4616801796031265,bajo
2024,FEB,NEGACIÓN PARA LA ENTREGA DE TECNOLOGÍAS EN SALUD Y/O DE OTRO,0.1316969800634775,9055,1192.5161544747891,2.3091592386809134,1179.0583677239595,-1.428779521243164,bajo
2024,MAR,NEGACIÓN PARA LA ENTREGA DE TECNOLOGÍAS EN SALUD Y/O DE OTRO,0.1431489508611761,9066,1297.7883885074225,8.827740709223143,1218.635041318447,-1.3000984137614984,bajo
2024,ABR,NEGACIÓN PARA LA ENTREGA DE TECNOLOGÍAS EN SALUD Y/O DE OTRO,0.1418030180922876,12642,1792.6737547227008,38.13297842681753,1427.6594325683043,-0.6951678013712389,bajo
2024,MAY,NEGACIÓN PARA LA ENTREGA DE TECNOLOGÍAS EN SALUD Y/O DE OTRO,0.1291240045506257,11462,1480.0193401592717,-17.440675624315816,1523.493827796465,-1.077345653819797,bajo
2024,JUN,NEGACIÓN PARA LA ENTREGA DE TECNOLOGÍAS EN SALUD Y/O DE OTRO,0.1234275008973203,10009,1235.3858564812788,-16.52907344113941,1502.6929837877506,-1.3763770926037755,bajo
2024,JUL,NEGACIÓN PARA LA ENTREGA DE TECNOLOGÍAS EN SALUD Y/O DE OTRO,0.113385217020947,11816,1339.7597243195107,8.448685671011136,1351.7216403200202,-1.2487941166273635,bajo
2024,AGO,NEGACIÓN PARA LA ENTREGA DE TECNOLOGÍAS EN SALUD Y/O DE OTRO,0.1221897844681738,11212,1369.9918634571652,2.2565344060488046,1315.0458147526517,-1.2118394041001532,bajo
2024,SEP,NEGACIÓN PARA LA ENTREGA DE TECNOLOGÍAS EN SALUD Y/O DE OTRO,0.1513624170549202,12446,1883.8566426655373,37.508600811076185,1531.2027434807378,-0.5837090191796922,bajo
2024,OCT,NEGACIÓN PARA LA ENTREGA DE TECNOLOGÍAS EN SALUD Y/O DE OTRO,0.1511569265498733,14117,2133.8823321045616,13.272012518174092,1795.910279409088,-0.27808633612817546,bajo
2024,NOV,NEGACIÓN PARA LA ENTREGA DE TECNOLOGÍAS EN SALUD Y/O DE OTRO,0.171619857396311,11777,2021.1670605563552,-5.28216902367995,2012.9686784421513,-0.41586555309077605,bajo
2025,ENE,NEGACIÓN PARA LA ENTREGA DE TECNOLOGÍAS EN SALUD Y/O DE OTRO,0.2201098978603899,13174,2899.7277944127773,43.467991884579085,2351.5923956912316,0.6580564479138146,medio
2025,FEB,NEGACIÓN PARA LA ENTREGA DE TECNOLOGÍAS EN SALUD Y/O DE OTRO,0.2047721313851302,13024,2666.952239159936,-8.027496777502884,2529.28236470969,0.37351972728803373,medio
2025,MAR,NEGACIÓN PARA LA ENTREGA DE TECNOLOGÍAS EN SALUD Y/O DE OTRO,0.2059824422963109,14700,3027.9419017557702,13.535662817476712,2864.8739784428276,0.8147809012255495,medio
2025,ABR,NEGACIÓN PARA LA ENTREGA DE TECNOLOGÍAS EN SALUD Y/O DE OTRO,0.1964318533882952,14332,2815.2613227610477,-7.023931960893915,2836.7184878922512,0.5548075787595426,medio
2025,MAY,NEGACIÓN PARA LA ENTREGA DE TECNOLOGÍAS EN SALUD Y/O DE OTRO,0.2152610158741345,15946,3432.5521591289485,21.92659101935508,3091.9184612152553,1.3093623689379421,medio
2025,JUN,NEGACIÓN PARA LA ENTREGA DE TECNOLOGÍAS EN SALUD Y/O DE OTRO,0.2051819265826366,14501,2975.343117374814,-13.319798813200167,3074.38553308827,0.7504859815961948,medio
2025,JUL,NEGACIÓN PARA LA ENTREGA DE TECNOLOGÍAS EN SALUD Y/O DE OTRO,0.2003512266722583,18804,3767.4044663451455,26.620840613138363,3391.7665809496357,1.7186741512072716,alto
2025,AGO,NEGACIÓN PARA LA ENTREGA DE TECNOLOGÍAS EN SALUD Y/O DE OTRO,0.1683420914868097,14221,2393.9928830339218,-36.45511374157299,3045.580155584627,0.039863729896646015,medio
2025,SEP,NEGACIÓN PARA LA ENTREGA DE TECNOLOGÍAS EN SALUD Y/O DE OTRO,0.1623451432979592,19037,3090.5644929632504,29.096644976093632,3083.987280780772,0.8913285727364642,medio
2025,OCT,NEGACIÓN PARA LA ENTREGA DE TECNOLOGÍAS EN SALUD Y/O DE OTRO,0.1860434482504254,17694,3291.8527733430287,6.512994012520412,2925.4700497800673,1.1373763466852957,medio
2026,ENE,NEGACIÓN PARA LA ENTREGA DE TECNOLOGÍAS EN SALUD Y/O DE OTRO,0.2049401275206054,14509,2973.476310196465,-9.671649525906279,3118.631192167582,0.748204061606825,medio
2026,FEB,NEGACIÓN PARA LA ENTREGA DE TECNOLOGÍAS EN SALUD Y/O DE OTRO,0.1973324970484061,15875,3132.6533906434474,5.35323183511307,3132.660824727647,0.9427765733981708,medio
2026,MAR,NEGACIÓN PARA LA ENTREGA DE TECNOLOGÍAS EN SALUD Y/O DE OTRO,0.1751828986219067,16504,2891.2185588559487,-7.707039422510387,2999.116086565287,0.6476550551312159,medio
2026,ABR,NEGACIÓN PARA LA ENTREGA DE TECNOLOGÍAS EN SALUD Y/O DE OTRO,0.1716964837960531,16092,2762.939817246088,-4.4368400035665445,2928.937255581828,0.49085159514580057,medio
