anio,mes,tabla_origen,categoria,valor
2023,ENE,capital_departamento,MEDELLIN,8454
2023,FEB,capital_departamento,MEDELLIN,8726
2023,MAR,capital_departamento,MEDELLIN,9733
2023,ABR,capital_departamento,MEDELLIN,8258
2023,MAY,capital_departamento,MEDELLIN,9577
2023,JUN,capital_departamento,MEDELLIN,8800
2023,JUL,capital_departamento,MEDELLIN,9142
2023,AGO,capital_departamento,MEDELLIN,10183
2023,SEP,capital_departamento,MEDELLIN,10680
2023,OCT,capital_departamento,MEDELLIN,10707
2023,ENE,departamento,ANTIOQUIA,16844
2023,FEB,departamento,ANTIOQUIA,17464
2023,MAR,departamento,ANTIOQUIA,19099
2023,ABR,departamento,ANTIOQUIA,16480
2023,MAY,departamento,ANTIOQUIA,18786
2023,JUN,departamento,ANTIOQUIA,17646
2023,JUL,departamento,ANTIOQUIA,18349
2023,AGO,departamento,ANTIOQUIA,20566
2023,SEP,departamento,ANTIOQUIA,21676
2023,OCT,departamento,ANTIOQUIA,21625
2023,JUL,motivo_especifico_2024_2026,NEGACIÓN PARA LA ENTREGA DE TECNOLOGÍAS EN SALUD Y/O DE OTRO,6578
2023,AGO,motivo_especifico_2024_2026,NEGACIÓN PARA LA ENTREGA DE TECNOLOGÍAS EN SALUD Y/O DE OTRO,13068
2023,SEP,motivo_especifico_2024_2026,NEGACIÓN PARA LA ENTREGA DE TECNOLOGÍAS EN SALUD Y/O DE OTRO,12784
2023,OCT,motivo_especifico_2024_2026,NEGACIÓN PARA LA ENTREGA DE TECNOLOGÍAS EN SALUD Y/O DE OTRO,13667
2023,JUL,motivo_especifico_2024_2026,NEGACIÓN EN LA ASIGNACIÓN DE CITAS O CONSULTAS,19312
2023,AGO,motivo_especifico_2024_2026,NEGACIÓN EN LA ASIGNACIÓN DE CITAS O CONSULTAS,38763
2023,SEP,motivo_especifico_2024_2026,NEGACIÓN EN LA ASIGNACIÓN DE CITAS O CONSULTAS,30042
2023,OCT,motivo_especifico_2024_2026,NEGACIÓN EN LA ASIGNACIÓN DE CITAS O CONSULTAS,30613
2023,JUL,motivo_especifico_2024_2026,FALTA DE OPORTUNIDAD EN LAS CITAS O CONSULTAS,26144
2023,AGO,motivo_especifico_2024_2026,FALTA DE OPORTUNIDAD EN LAS CITAS O CONSULTAS,12316
2023,SEP,motivo_especifico_2024_2026,FALTA DE OPORTUNIDAD EN LAS CITAS O CONSULTAS,19026
2023,OCT,motivo_especifico_2024_2026,FALTA DE OPORTUNIDAD EN LAS CITAS O CONSULTAS,20128
2023,JUL,motivo_especifico_2024_2026,FALTA DE OPORTUNIDAD EN LA ATENCIÓN EN OTROS SERVICIOS DE SA,13651
2023,AGO,motivo_especifico_2024_2026,FALTA DE OPORTUNIDAD EN LA ATENCIÓN EN OTROS SERVICIOS DE SA,7465
2023,SEP,motivo_especifico_2024_2026,FALTA DE OPORTUNIDAD EN LA ATENCIÓN EN OTROS SERVICIOS DE SA,11298
2023,OCT,motivo_especifico_2024_2026,FALTA DE OPORTUNIDAD EN LA ATENCIÓN EN OTROS SERVICIOS DE SA,12734
2023,JUL,motivo_especifico_2024_2026,FALTA DE OPORTUNIDAD EN LA ENTREGA O ENTREGA INCOMPLETA DE T,9775
2023,AGO,motivo_especifico_2024_2026,FALTA DE OPORTUNIDAD EN LA ENTREGA O ENTREGA INCOMPLETA DE T,5044
2023,SEP,motivo_especifico_2024_2026,FALTA DE OPORTUNIDAD EN LA ENTREGA O ENTREGA INCOMPLETA DE T,6038
2023,OCT,motivo_especifico_2024_2026,FALTA DE OPORTUNIDAD EN LA ENTREGA O ENTREGA INCOMPLETA DE T,7661
2023,JUL,motivo_especifico_2024_2026,NEGACIÓN EN LA ATENCIÓN EN OTROS SERVICIOS DE SALUD,9475
2023,AGO,motivo_especifico_2024_2026,NEGACIÓN EN LA ATENCIÓN EN OTROS SERVICIOS DE SALUD,18402
2023,SEP,motivo_especifico_2024_2026,NEGACIÓN EN LA ATENCIÓN EN OTROS SERVICIOS DE SALUD,13424
2023,OCT,motivo_especifico_2024_2026,NEGACIÓN EN LA ATENCIÓN EN OTROS SERVICIOS DE SALUD,13502
2023,JUL,motivo_especifico_2024_2026,FALTA DE OPORTUNIDAD EN LA AUTORIZACIÓN DE OTROS SERVICIOS D,5490
2023,AGO,motivo_especifico_2024_2026,FALTA DE OPORTUNIDAD EN LA AUTORIZACIÓN DE OTROS SERVICIOS D,6847
2023,SEP,motivo_especifico_2024_2026,FALTA DE OPORTUNIDAD EN LA AUTORIZACIÓN DE OTROS SERVICIOS D,8040
2023,OCT,motivo_especifico_2024_2026,FALTA DE OPORTUNIDAD EN LA AUTORIZACIÓN DE OTROS SERVICIOS D,8749
2023,JUL,motivo_especifico_2024_2026,FALTA DE OPORTUNIDAD EN LA AUTORIZACIÓN DE TECNOLOGÍAS EN SA,2884
2023,AGO,motivo_especifico_2024_2026,FALTA DE OPORTUNIDAD EN LA AUTORIZACIÓN DE TECNOLOGÍAS EN SA,3621
2023,SEP,motivo_especifico_2024_2026,FALTA DE OPORTUNIDAD EN LA AUTORIZACIÓN DE TECNOLOGÍAS EN SA,4589
2023,OCT,motivo_especifico_2024_2026,FALTA DE OPORTUNIDAD EN LA AUTORIZACIÓN DE TECNOLOGÍAS EN SA,4951
2023,JUL,motivo_especifico_2024_2026,FALTA DE OPORTUNIDAD EN LA AUTORIZACIÓN DE CITAS DE CONSULTA,2959
2023,AGO,motivo_especifico_2024_2026,FALTA DE OPORTUNIDAD EN LA AUTORIZACIÓN DE CITAS DE CONSULTA,3865
2023,SEP,motivo_especifico_2024_2026,FALTA DE OPORTUNIDAD EN LA AUTORIZACIÓN DE CITAS DE CONSULTA,4428
2023,OCT,motivo_especifico_2024_2026,FALTA DE OPORTUNIDAD EN LA AUTORIZACIÓN DE CITAS DE CONSULTA,4813
2023,ENE,motivo_especifico_legacy_2021_2023,FALTA DE OPORTUNIDAD EN LA ASIGNACIÓN DE CITAS DE CONSULTA M,29369
2023,FEB,motivo_especifico_legacy_2021_2023,FALTA DE OPORTUNIDAD EN LA ASIGNACIÓN DE CITAS DE CONSULTA M,33094
2023,MAR,motivo_especifico_legacy_2021_2023,FALTA DE OPORTUNIDAD EN LA ASIGNACIÓN DE CITAS DE CONSULTA M,39133
2023,ABR,motivo_especifico_legacy_2021_2023,FALTA DE OPORTUNIDAD EN LA ASIGNACIÓN DE CITAS DE CONSULTA M,34138
2023,MAY,motivo_especifico_legacy_2021_2023,FALTA DE OPORTUNIDAD EN LA ASIGNACIÓN DE CITAS DE CONSULTA M,39795
2023,JUN,motivo_especifico_legacy_2021_2023,FALTA DE OPORTUNIDAD EN LA ASIGNACIÓN DE CITAS DE CONSULTA M,38708
2023,ENE,motivo_especifico_legacy_2021_2023,FALTA DE OPORTUNIDAD EN LA ENTREGA DE MEDICAMENTOS POS,12212
2023,FEB,motivo_especifico_legacy_2021_2023,FALTA DE OPORTUNIDAD EN LA ENTREGA DE MEDICAMENTOS POS,12433
2023,MAR,motivo_especifico_legacy_2021_2023,FALTA DE OPORTUNIDAD EN LA ENTREGA DE MEDICAMENTOS POS,14388
2023,ABR,motivo_especifico_legacy_2021_2023,FALTA DE OPORTUNIDAD EN LA ENTREGA DE MEDICAMENTOS POS,12382
2023,MAY,motivo_especifico_legacy_2021_2023,FALTA DE OPORTUNIDAD EN LA ENTREGA DE MEDICAMENTOS POS,13549
2023,JUN,motivo_especifico_legacy_2021_2023,FALTA DE OPORTUNIDAD EN LA ENTREGA DE MEDICAMENTOS POS,12166
2023,ENE,motivo_especifico_legacy_2021_2023,DEMORA DE LA PROGRAMACIÓN DE EXÁMENES DE LABORATORIO O DIAGN,3443
2023,FEB,motivo_especifico_legacy_2021_2023,DEMORA DE LA PROGRAMACIÓN DE EXÁMENES DE LABORATORIO O DIAGN,4003
2023,MAR,motivo_especifico_legacy_2021_2023,DEMORA DE LA PROGRAMACIÓN DE EXÁMENES DE LABORATORIO O DIAGN,4036
2023,ABR,motivo_especifico_legacy_2021_2023,DEMORA DE LA PROGRAMACIÓN DE EXÁMENES DE LABORATORIO O DIAGN,3772
2023,MAY,motivo_especifico_legacy_2021_2023,DEMORA DE LA PROGRAMACIÓN DE EXÁMENES DE LABORATORIO O DIAGN,4574
2023,JUN,motivo_especifico_legacy_2021_2023,DEMORA DE LA PROGRAMACIÓN DE EXÁMENES DE LABORATORIO O DIAGN,4455
2023,ENE,motivo_especifico_legacy_2021_2023,FALTA DE OPORTUNIDAD EN LA PROGRAMACIÓN DE CIRUGÍA,5471
2023,FEB,motivo_especifico_legacy_2021_2023,FALTA DE OPORTUNIDAD EN LA PROGRAMACIÓN DE CIRUGÍA,5995
2023,MAR,motivo_especifico_legacy_2021_2023,FALTA DE OPORTUNIDAD EN LA PROGRAMACIÓN DE CIRUGÍA,6980
2023,ABR,motivo_especifico_legacy_2021_2023,FALTA DE OPORTUNIDAD EN LA PROGRAMACIÓN DE CIRUGÍA,5707
2023,MAY,motivo_especifico_legacy_2021_2023,FALTA DE OPORTUNIDAD EN LA PROGRAMACIÓN DE CIRUGÍA,6685
2023,JUN,motivo_especifico_legacy_2021_2023,FALTA DE OPORTUNIDAD EN LA PROGRAMACIÓN DE CIRUGÍA,6420
2023,ENE,motivo_especifico_legacy_2021_2023,FALTA DE OPORTUNIDAD PARA LA PRESTACIÓN DE SERVICIOS DE IMAG,7021
2023,FEB,motivo_especifico_legacy_2021_2023,FALTA DE OPORTUNIDAD PARA LA PRESTACIÓN DE SERVICIOS DE IMAG,7778
2023,MAR,motivo_especifico_legacy_2021_2023,FALTA DE OPORTUNIDAD PARA LA PRESTACIÓN DE SERVICIOS DE IMAG,9140
2023,ABR,motivo_especifico_legacy_2021_2023,FALTA DE OPORTUNIDAD PARA LA PRESTACIÓN DE SERVICIOS DE IMAG,7245
2023,MAY,motivo_especifico_legacy_2021_2023,FALTA DE OPORTUNIDAD PARA LA PRESTACIÓN DE SERVICIOS DE IMAG,8073
2023,JUN,motivo_especifico_legacy_2021_2023,FALTA DE OPORTUNIDAD PARA LA PRESTACIÓN DE SERVICIOS DE IMAG,7696
2023,ENE,motivo_especifico_legacy_2021_2023,"NO APLICACIÓN DE NORMAS, GUÍAS O PROTOCOLOS DE ATENCIÓN",2004
2023,FEB,motivo_especifico_legacy_2021_2023,"NO APLICACIÓN DE NORMAS, GUÍAS O PROTOCOLOS DE ATENCIÓN",2087
2023,MAR,motivo_especifico_legacy_2021_2023,"NO APLICACIÓN DE NORMAS, GUÍAS O PROTOCOLOS DE ATENCIÓN",2455
2023,ABR,motivo_especifico_legacy_2021_2023,"NO APLICACIÓN DE NORMAS, GUÍAS O PROTOCOLOS DE ATENCIÓN",2212
2023,MAY,motivo_especifico_legacy_2021_2023,"NO APLICACIÓN DE NORMAS, GUÍAS O PROTOCOLOS DE ATENCIÓN",2653
2023,JUN,motivo_especifico_legacy_2021_2023,"NO APLICACIÓN DE NORMAS, GUÍAS O PROTOCOLOS DE ATENCIÓN",2435
2023,ENE,motivo_especifico_legacy_2021_2023,FALTA DE OPORTUNIDAD EN LA ENTREGA DE MEDICAMENTOS NO POS,2542
2023,FEB,motivo_especifico_legacy_2021_2023,FALTA DE OPORTUNIDAD EN LA ENTREGA DE MEDICAMENTOS NO POS,2776
2023,MAR,motivo_especifico_legacy_2021_2023,FALTA DE OPORTUNIDAD EN LA ENTREGA DE MEDICAMENTOS NO POS,2831
2023,ABR,motivo_especifico_legacy_2021_2023,FALTA DE OPORTUNIDAD EN LA ENTREGA DE MEDICAMENTOS NO POS,2354
2023,MAY,motivo_especifico_legacy_2021_2023,FALTA DE OPORTUNIDAD EN LA ENTREGA DE MEDICAMENTOS NO POS,2510
2023,JUN,motivo_especifico_legacy_2021_2023,FALTA DE OPORTUNIDAD EN LA ENTREGA DE MEDICAMENTOS NO POS,2406
2023,ENE,motivo_especifico_legacy_2021_2023,FALTA DE OPORTUNIDAD EN LA ASIGNACIÓN DE CITAS DE CONSULTA M,1882
2023,FEB,motivo_especifico_legacy_2021_2023,FALTA DE OPORTUNIDAD EN LA ASIGNACIÓN DE CITAS DE CONSULTA M,2122
2023,MAR,motivo_especifico_legacy_2021_2023,FALTA DE OPORTUNIDAD EN LA ASIGNACIÓN DE CITAS DE CONSULTA M,2508
2023,ABR,motivo_especifico_legacy_2021_2023,FALTA DE OPORTUNIDAD EN LA ASIGNACIÓN DE CITAS DE CONSULTA M,1992
2023,MAY,motivo_especifico_legacy_2021_2023,FALTA DE OPORTUNIDAD EN LA ASIGNACIÓN DE CITAS DE CONSULTA M,2297
2023,JUN,motivo_especifico_legacy_2021_2023,FALTA DE OPORTUNIDAD EN LA ASIGNACIÓN DE CITAS DE CONSULTA M,2248
2023,ENE,otro_vigilado,DIRECCION_SECCIONAL_SALUD_ANTIOQUIA,121
2023,FEB,otro_vigilado,DIRECCION_SECCIONAL_SALUD_ANTIOQUIA,106
2023,MAR,otro_vigilado,DIRECCION_SECCIONAL_SALUD_ANTIOQUIA,138
2023,ABR,otro_vigilado,DIRECCION_SECCIONAL_SALUD_ANTIOQUIA,109
2023,MAY,otro_vigilado,DIRECCION_SECCIONAL_SALUD_ANTIOQUIA,157
2023,JUN,otro_vigilado,DIRECCION_SECCIONAL_SALUD_ANTIOQUIA,359
2023,JUL,otro_vigilado,DIRECCION_SECCIONAL_SALUD_ANTIOQUIA,270
2023,AGO,otro_vigilado,DIRECCION_SECCIONAL_SALUD_ANTIOQUIA,199
2023,SEP,otro_vigilado,DIRECCION_SECCIONAL_SALUD_ANTIOQUIA,170
2023,OCT,otro_vigilado,DIRECCION_SECCIONAL_SALUD_ANTIOQUIA,201
2021,ENE,capital_departamento,MEDELLIN,6098
2021,FEB,capital_departamento,MEDELLIN,6569
2021,MAR,capital_departamento,MEDELLIN,7330
2021,ABR,capital_departamento,MEDELLIN,6628
2021,MAY,capital_departamento,MEDELLIN,6172
2021,JUN,capital_departamento,MEDELLIN,6811
2021,JUL,capital_departamento,MEDELLIN,7475
2021,AGO,capital_departamento,MEDELLIN,7577
2021,SEP,capital_departamento,MEDELLIN,8287
2021,OCT,capital_departamento,MEDELLIN,7512
2021,NOV,capital_departamento,MEDELLIN,8281
2021,DIC,capital_departamento,MEDELLIN,6802
2021,ENE,departamento,ANTIOQUIA,10612
2021,FEB,departamento,ANTIOQUIA,11386
2021,MAR,departamento,ANTIOQUIA,13150
2021,ABR,departamento,ANTIOQUIA,11385
2021,MAY,departamento,ANTIOQUIA,10982
2021,JUN,departamento,ANTIOQUIA,12132
2021,JUL,departamento,ANTIOQUIA,13300
2021,AGO,departamento,ANTIOQUIA,14119
2021,SEP,departamento,ANTIOQUIA,15578
2021,OCT,departamento,ANTIOQUIA,14042
2021,NOV,departamento,ANTIOQUIA,15475
2021,DIC,departamento,ANTIOQUIA,12290
2021,ENE,motivo_especifico_legacy_2021_2023,FALTA DE OPORTUNIDAD EN LA ASIGNACIÓN DE CITAS DE CONSULTA M,9547
2021,FEB,motivo_especifico_legacy_2021_2023,FALTA DE OPORTUNIDAD EN LA ASIGNACIÓN DE CITAS DE CONSULTA M,12005
2021,MAR,motivo_especifico_legacy_2021_2023,FALTA DE OPORTUNIDAD EN LA ASIGNACIÓN DE CITAS DE CONSULTA M,14506
2021,ABR,motivo_especifico_legacy_2021_2023,FALTA DE OPORTUNIDAD EN LA ASIGNACIÓN DE CITAS DE CONSULTA M,12181
2021,MAY,motivo_especifico_legacy_2021_2023,FALTA DE OPORTUNIDAD EN LA ASIGNACIÓN DE CITAS DE CONSULTA M,10456
2021,JUN,motivo_especifico_legacy_2021_2023,FALTA DE OPORTUNIDAD EN LA ASIGNACIÓN DE CITAS DE CONSULTA M,12869
2021,JUL,motivo_especifico_legacy_2021_2023,FALTA DE OPORTUNIDAD EN LA ASIGNACIÓN DE CITAS DE CONSULTA M,16470
2021,AGO,motivo_especifico_legacy_2021_2023,FALTA DE OPORTUNIDAD EN LA ASIGNACIÓN DE CITAS DE CONSULTA M,19888
2021,SEP,motivo_especifico_legacy_2021_2023,FALTA DE OPORTUNIDAD EN LA ASIGNACIÓN DE CITAS DE CONSULTA M,23226
2021,OCT,motivo_especifico_legacy_2021_2023,FALTA DE OPORTUNIDAD EN LA ASIGNACIÓN DE CITAS DE CONSULTA M,22879
2021,NOV,motivo_especifico_legacy_2021_2023,FALTA DE OPORTUNIDAD EN LA ASIGNACIÓN DE CITAS DE CONSULTA M,25866
2021,DIC,motivo_especifico_legacy_2021_2023,FALTA DE OPORTUNIDAD EN LA ASIGNACIÓN DE CITAS DE CONSULTA M,17813
2021,ENE,motivo_especifico_legacy_2021_2023,FALTA DE OPORTUNIDAD EN LA ENTREGA DE MEDICAMENTOS POS,2881
2021,FEB,motivo_especifico_legacy_2021_2023,FALTA DE OPORTUNIDAD EN LA ENTREGA DE MEDICAMENTOS POS,3169
2021,MAR,motivo_especifico_legacy_2021_2023,FALTA DE OPORTUNIDAD EN LA ENTREGA DE MEDICAMENTOS POS,3411
2021,ABR,motivo_especifico_legacy_2021_2023,FALTA DE OPORTUNIDAD EN LA ENTREGA DE MEDICAMENTOS POS,3492
2021,MAY,motivo_especifico_legacy_2021_2023,FALTA DE OPORTUNIDAD EN LA ENTREGA DE MEDICAMENTOS POS,3496
2021,JUN,motivo_especifico_legacy_2021_2023,FALTA DE OPORTUNIDAD EN LA ENTREGA DE MEDICAMENTOS POS,4268
2021,JUL,motivo_especifico_legacy_2021_2023,FALTA DE OPORTUNIDAD EN LA ENTREGA DE MEDICAMENTOS POS,5279
2021,AGO,motivo_especifico_legacy_2021_2023,FALTA DE OPORTUNIDAD EN LA ENTREGA DE MEDICAMENTOS POS,4980
2021,SEP,motivo_especifico_legacy_2021_2023,FALTA DE OPORTUNIDAD EN LA ENTREGA DE MEDICAMENTOS POS,4958
2021,OCT,motivo_especifico_legacy_2021_2023,FALTA DE OPORTUNIDAD EN LA ENTREGA DE MEDICAMENTOS POS,4734
2021,NOV,motivo_especifico_legacy_2021_2023,FALTA DE OPORTUNIDAD EN LA ENTREGA DE MEDICAMENTOS POS,4895
2021,DIC,motivo_especifico_legacy_2021_2023,FALTA DE OPORTUNIDAD EN LA ENTREGA DE MEDICAMENTOS POS,4466
2021,ENE,motivo_especifico_legacy_2021_2023,DEMORA DE LA PROGRAMACIÓN DE EXÁMENES DE LABORATORIO O DIAGN,2508
2021,FEB,motivo_especifico_legacy_2021_2023,DEMORA DE LA PROGRAMACIÓN DE EXÁMENES DE LABORATORIO O DIAGN,2545
2021,MAR,motivo_especifico_legacy_2021_2023,DEMORA DE LA PROGRAMACIÓN DE EXÁMENES DE LABORATORIO O DIAGN,3386
2021,ABR,motivo_especifico_legacy_2021_2023,DEMORA DE LA PROGRAMACIÓN DE EXÁMENES DE LABORATORIO O DIAGN,3163
2021,MAY,motivo_especifico_legacy_2021_2023,DEMORA DE LA PROGRAMACIÓN DE EXÁMENES DE LABORATORIO O DIAGN,2782
2021,JUN,motivo_especifico_legacy_2021_2023,DEMORA DE LA PROGRAMACIÓN DE EXÁMENES DE LABORATORIO O DIAGN,3655
2021,JUL,motivo_especifico_legacy_2021_2023,DEMORA DE LA PROGRAMACIÓN DE EXÁMENES DE LABORATORIO O DIAGN,4524
2021,AGO,motivo_especifico_legacy_2021_2023,DEMORA DE LA PROGRAMACIÓN DE EXÁMENES DE LABORATORIO O DIAGN,5064
2021,SEP,motivo_especifico_legacy_2021_2023,DEMORA DE LA PROGRAMACIÓN DE EXÁMENES DE LABORATORIO O DIAGN,5532
2021,OCT,motivo_especifico_legacy_2021_2023,DEMORA DE LA PROGRAMACIÓN DE EXÁMENES DE LABORATORIO O DIAGN,5059
2021,NOV,motivo_especifico_legacy_2021_2023,DEMORA DE LA PROGRAMACIÓN DE EXÁMENES DE LABORATORIO O DIAGN,5348
2021,DIC,motivo_especifico_legacy_2021_2023,DEMORA DE LA PROGRAMACIÓN DE EXÁMENES DE LABORATORIO O DIAGN,3527
2021,ENE,motivo_especifico_legacy_2021_2023,FALTA DE OPORTUNIDAD EN LA PROGRAMACIÓN DE CIRUGÍA,769
2021,FEB,motivo_especifico_legacy_2021_2023,FALTA DE OPORTUNIDAD EN LA PROGRAMACIÓN DE CIRUGÍA,1206
2021,MAR,motivo_especifico_legacy_2021_2023,FALTA DE OPORTUNIDAD EN LA PROGRAMACIÓN DE CIRUGÍA,1475
2021,ABR,motivo_especifico_legacy_2021_2023,FALTA DE OPORTUNIDAD EN LA PROGRAMACIÓN DE CIRUGÍA,1087
2021,MAY,motivo_especifico_legacy_2021_2023,FALTA DE OPORTUNIDAD EN LA PROGRAMACIÓN DE CIRUGÍA,1108
2021,JUN,motivo_especifico_legacy_2021_2023,FALTA DE OPORTUNIDAD EN LA PROGRAMACIÓN DE CIRUGÍA,1699
2021,JUL,motivo_especifico_legacy_2021_2023,FALTA DE OPORTUNIDAD EN LA PROGRAMACIÓN DE CIRUGÍA,2218
2021,AGO,motivo_especifico_legacy_2021_2023,FALTA DE OPORTUNIDAD EN LA PROGRAMACIÓN DE CIRUGÍA,2856
2021,SEP,motivo_especifico_legacy_2021_2023,FALTA DE OPORTUNIDAD EN LA PROGRAMACIÓN DE CIRUGÍA,3264
2021,OCT,motivo_especifico_legacy_2021_2023,FALTA DE OPORTUNIDAD EN LA PROGRAMACIÓN DE CIRUGÍA,3116
2021,NOV,motivo_especifico_legacy_2021_2023,FALTA DE OPORTUNIDAD EN LA PROGRAMACIÓN DE CIRUGÍA,3489
2021,DIC,motivo_especifico_legacy_2021_2023,FALTA DE OPORTUNIDAD EN LA PROGRAMACIÓN DE CIRUGÍA,2514
2021,ENE,motivo_especifico_legacy_2021_2023,FALTA DE OPORTUNIDAD PARA LA PRESTACIÓN DE SERVICIOS DE IMAG,985
2021,FEB,motivo_especifico_legacy_2021_2023,FALTA DE OPORTUNIDAD PARA LA PRESTACIÓN DE SERVICIOS DE IMAG,1412
2021,MAR,motivo_especifico_legacy_2021_2023,FALTA DE OPORTUNIDAD PARA LA PRESTACIÓN DE SERVICIOS DE IMAG,1876
2021,ABR,motivo_especifico_legacy_2021_2023,FALTA DE OPORTUNIDAD PARA LA PRESTACIÓN DE SERVICIOS DE IMAG,1421
2021,MAY,motivo_especifico_legacy_2021_2023,FALTA DE OPORTUNIDAD PARA LA PRESTACIÓN DE SERVICIOS DE IMAG,1275
2021,JUN,motivo_especifico_legacy_2021_2023,FALTA DE OPORTUNIDAD PARA LA PRESTACIÓN DE SERVICIOS DE IMAG,1651
2021,JUL,motivo_especifico_legacy_2021_2023,FALTA DE OPORTUNIDAD PARA LA PRESTACIÓN DE SERVICIOS DE IMAG,1849
2021,AGO,motivo_especifico_legacy_2021_2023,FALTA DE OPORTUNIDAD PARA LA PRESTACIÓN DE SERVICIOS DE IMAG,2388
2021,SEP,motivo_especifico_legacy_2021_2023,FALTA DE OPORTUNIDAD PARA LA PRESTACIÓN DE SERVICIOS DE IMAG,3296
2021,OCT,motivo_especifico_legacy_2021_2023,FALTA DE OPORTUNIDAD PARA LA PRESTACIÓN DE SERVICIOS DE IMAG,3088
2021,NOV,motivo_especifico_legacy_2021_2023,FALTA DE OPORTUNIDAD PARA LA PRESTACIÓN DE SERVICIOS DE IMAG,3522
2021,DIC,motivo_especifico_legacy_2021_2023,FALTA DE OPORTUNIDAD PARA LA PRESTACIÓN DE SERVICIOS DE IMAG,2363
2021,ENE,motivo_especifico_legacy_2021_2023,"NO APLICACIÓN DE NORMAS, GUÍAS O PROTOCOLOS DE ATENCIÓN",2482
2021,FEB,motivo_especifico_legacy_2021_2023,"NO APLICACIÓN DE NORMAS, GUÍAS O PROTOCOLOS DE ATENCIÓN",2186
2021,MAR,motivo_especifico_legacy_2021_2023,"NO APLICACIÓN DE NORMAS, GUÍAS O PROTOCOLOS DE ATENCIÓN",2653
2021,ABR,motivo_especifico_legacy_2021_2023,"NO APLICACIÓN DE NORMAS, GUÍAS O PROTOCOLOS DE ATENCIÓN",2269
2021,MAY,motivo_especifico_legacy_2021_2023,"NO APLICACIÓN DE NORMAS, GUÍAS O PROTOCOLOS DE ATENCIÓN",2059
2021,JUN,motivo_especifico_legacy_2021_2023,"NO APLICACIÓN DE NORMAS, GUÍAS O PROTOCOLOS DE ATENCIÓN",1859
2021,JUL,motivo_especifico_legacy_2021_2023,"NO APLICACIÓN DE NORMAS, GUÍAS O PROTOCOLOS DE ATENCIÓN",1738
2021,AGO,motivo_especifico_legacy_2021_2023,"NO APLICACIÓN DE NORMAS, GUÍAS O PROTOCOLOS DE ATENCIÓN",1620
2021,SEP,motivo_especifico_legacy_2021_2023,"NO APLICACIÓN DE NORMAS, GUÍAS O PROTOCOLOS DE ATENCIÓN",2184
2021,OCT,motivo_especifico_legacy_2021_2023,"NO APLICACIÓN DE NORMAS, GUÍAS O PROTOCOLOS DE ATENCIÓN",1494
2021,NOV,motivo_especifico_legacy_2021_2023,"NO APLICACIÓN DE NORMAS, GUÍAS O PROTOCOLOS DE ATENCIÓN",1705
2021,DIC,motivo_especifico_legacy_2021_2023,"NO APLICACIÓN DE NORMAS, GUÍAS O PROTOCOLOS DE ATENCIÓN",1803
2021,ENE,motivo_especifico_legacy_2021_2023,DEFICIENCIAS EN LA SEGURIDAD DEL PACIENTE,672
2021,FEB,motivo_especifico_legacy_2021_2023,DEFICIENCIAS EN LA SEGURIDAD DEL PACIENTE,627
2021,MAR,motivo_especifico_legacy_2021_2023,DEFICIENCIAS EN LA SEGURIDAD DEL PACIENTE,631
2021,ABR,motivo_especifico_legacy_2021_2023,DEFICIENCIAS EN LA SEGURIDAD DEL PACIENTE,629
2021,MAY,motivo_especifico_legacy_2021_2023,DEFICIENCIAS EN LA SEGURIDAD DEL PACIENTE,635
2021,JUN,motivo_especifico_legacy_2021_2023,DEFICIENCIAS EN LA SEGURIDAD DEL PACIENTE,468
2021,JUL,motivo_especifico_legacy_2021_2023,DEFICIENCIAS EN LA SEGURIDAD DEL PACIENTE,465
2021,AGO,motivo_especifico_legacy_2021_2023,DEFICIENCIAS EN LA SEGURIDAD DEL PACIENTE,578
2021,SEP,motivo_especifico_legacy_2021_2023,DEFICIENCIAS EN LA SEGURIDAD DEL PACIENTE,687
2021,OCT,motivo_especifico_legacy_2021_2023,DEFICIENCIAS EN LA SEGURIDAD DEL PACIENTE,679
2021,NOV,motivo_especifico_legacy_2021_2023,DEFICIENCIAS EN LA SEGURIDAD DEL PACIENTE,1097
2021,DIC,motivo_especifico_legacy_2021_2023,DEFICIENCIAS EN LA SEGURIDAD DEL PACIENTE,1605
2021,ENE,motivo_especifico_legacy_2021_2023,FALTA DE OPORTUNIDAD EN LA ENTREGA DE MEDICAMENTOS NO POS,4082
2021,FEB,motivo_especifico_legacy_2021_2023,FALTA DE OPORTUNIDAD EN LA ENTREGA DE MEDICAMENTOS NO POS,4272
2021,MAR,motivo_especifico_legacy_2021_2023,FALTA DE OPORTUNIDAD EN LA ENTREGA DE MEDICAMENTOS NO POS,4186
2021,ABR,motivo_especifico_legacy_2021_2023,FALTA DE OPORTUNIDAD EN LA ENTREGA DE MEDICAMENTOS NO POS,3901
2021,MAY,motivo_especifico_legacy_2021_2023,FALTA DE OPORTUNIDAD EN LA ENTREGA DE MEDICAMENTOS NO POS,3454
2021,JUN,motivo_especifico_legacy_2021_2023,FALTA DE OPORTUNIDAD EN LA ENTREGA DE MEDICAMENTOS NO POS,4050
2021,JUL,motivo_especifico_legacy_2021_2023,FALTA DE OPORTUNIDAD EN LA ENTREGA DE MEDICAMENTOS NO POS,4470
2021,AGO,motivo_especifico_legacy_2021_2023,FALTA DE OPORTUNIDAD EN LA ENTREGA DE MEDICAMENTOS NO POS,4223
2021,SEP,motivo_especifico_legacy_2021_2023,FALTA DE OPORTUNIDAD EN LA ENTREGA DE MEDICAMENTOS NO POS,4272
2021,OCT,motivo_especifico_legacy_2021_2023,FALTA DE OPORTUNIDAD EN LA ENTREGA DE MEDICAMENTOS NO POS,3968
2021,NOV,motivo_especifico_legacy_2021_2023,FALTA DE OPORTUNIDAD EN LA ENTREGA DE MEDICAMENTOS NO POS,4404
2021,DIC,motivo_especifico_legacy_2021_2023,FALTA DE OPORTUNIDAD EN LA ENTREGA DE MEDICAMENTOS NO POS,3433
2021,ENE,motivo_especifico_legacy_2021_2023,FALTA DE OPORTUNIDAD EN LA ASIGNACIÓN DE CITAS DE CONSULTA M,5302
2021,FEB,motivo_especifico_legacy_2021_2023,FALTA DE OPORTUNIDAD EN LA ASIGNACIÓN DE CITAS DE CONSULTA M,4182
2021,MAR,motivo_especifico_legacy_2021_2023,FALTA DE OPORTUNIDAD EN LA ASIGNACIÓN DE CITAS DE CONSULTA M,4179
2021,ABR,motivo_especifico_legacy_2021_2023,FALTA DE OPORTUNIDAD EN LA ASIGNACIÓN DE CITAS DE CONSULTA M,5704
2021,MAY,motivo_especifico_legacy_2021_2023,FALTA DE OPORTUNIDAD EN LA ASIGNACIÓN DE CITAS DE CONSULTA M,5329
2021,JUN,motivo_especifico_legacy_2021_2023,FALTA DE OPORTUNIDAD EN LA ASIGNACIÓN DE CITAS DE CONSULTA M,8026
2021,JUL,motivo_especifico_legacy_2021_2023,FALTA DE OPORTUNIDAD EN LA ASIGNACIÓN DE CITAS DE CONSULTA M,7077
2021,AGO,motivo_especifico_legacy_2021_2023,FALTA DE OPORTUNIDAD EN LA ASIGNACIÓN DE CITAS DE CONSULTA M,4974
2021,SEP,motivo_especifico_legacy_2021_2023,FALTA DE OPORTUNIDAD EN LA ASIGNACIÓN DE CITAS DE CONSULTA M,3818
2021,OCT,motivo_especifico_legacy_2021_2023,FALTA DE OPORTUNIDAD EN LA ASIGNACIÓN DE CITAS DE CONSULTA M,2572
2021,NOV,motivo_especifico_legacy_2021_2023,FALTA DE OPORTUNIDAD EN LA ASIGNACIÓN DE CITAS DE CONSULTA M,2427
2021,DIC,motivo_especifico_legacy_2021_2023,FALTA DE OPORTUNIDAD EN LA ASIGNACIÓN DE CITAS DE CONSULTA M,1525
2021,ENE,motivo_especifico_legacy_2021_2023,"DEFICIENTE INFORMACIÓN SOBRE DERECHOS, DEBERES Y TRÁMITES",646
2021,FEB,motivo_especifico_legacy_2021_2023,"DEFICIENTE INFORMACIÓN SOBRE DERECHOS, DEBERES Y TRÁMITES",978
2021,MAR,motivo_especifico_legacy_2021_2023,"DEFICIENTE INFORMACIÓN SOBRE DERECHOS, DEBERES Y TRÁMITES",745
2021,ABR,motivo_especifico_legacy_2021_2023,"DEFICIENTE INFORMACIÓN SOBRE DERECHOS, DEBERES Y TRÁMITES",745
2021,MAY,motivo_especifico_legacy_2021_2023,"DEFICIENTE INFORMACIÓN SOBRE DERECHOS, DEBERES Y TRÁMITES",922
2021,JUN,motivo_especifico_legacy_2021_2023,"DEFICIENTE INFORMACIÓN SOBRE DERECHOS, DEBERES Y TRÁMITES",769
2021,JUL,motivo_especifico_legacy_2021_2023,"DEFICIENTE INFORMACIÓN SOBRE DERECHOS, DEBERES Y TRÁMITES",890
2021,AGO,motivo_especifico_legacy_2021_2023,"DEFICIENTE INFORMACIÓN SOBRE DERECHOS, DEBERES Y TRÁMITES",961
2021,SEP,motivo_especifico_legacy_2021_2023,"DEFICIENTE INFORMACIÓN SOBRE DERECHOS, DEBERES Y TRÁMITES",990
2021,OCT,motivo_especifico_legacy_2021_2023,"DEFICIENTE INFORMACIÓN SOBRE DERECHOS, DEBERES Y TRÁMITES",1203
2021,NOV,motivo_especifico_legacy_2021_2023,"DEFICIENTE INFORMACIÓN SOBRE DERECHOS, DEBERES Y TRÁMITES",1204
2021,DIC,motivo_especifico_legacy_2021_2023,"DEFICIENTE INFORMACIÓN SOBRE DERECHOS, DEBERES Y TRÁMITES",959
2021,ENE,otro_vigilado,DIRECCION_SECCIONAL_SALUD_ANTIOQUIA,70
2021,FEB,otro_vigilado,DIRECCION_SECCIONAL_SALUD_ANTIOQUIA,70
2021,MAR,otro_vigilado,DIRECCION_SECCIONAL_SALUD_ANTIOQUIA,91
2021,ABR,otro_vigilado,DIRECCION_SECCIONAL_SALUD_ANTIOQUIA,201
2021,MAY,otro_vigilado,DIRECCION_SECCIONAL_SALUD_ANTIOQUIA,115
2021,JUN,otro_vigilado,DIRECCION_SECCIONAL_SALUD_ANTIOQUIA,77
2021,JUL,otro_vigilado,DIRECCION_SECCIONAL_SALUD_ANTIOQUIA,76
2021,AGO,otro_vigilado,DIRECCION_SECCIONAL_SALUD_ANTIOQUIA,99
2021,SEP,otro_vigilado,DIRECCION_SECCIONAL_SALUD_ANTIOQUIA,255
2021,OCT,otro_vigilado,DIRECCION_SECCIONAL_SALUD_ANTIOQUIA,211
2021,NOV,otro_vigilado,DIRECCION_SECCIONAL_SALUD_ANTIOQUIA,237
2021,DIC,otro_vigilado,DIRECCION_SECCIONAL_SALUD_ANTIOQUIA,155
2026,ENE,capital_departamento,MEDELLIN,14509
2026,FEB,capital_departamento,MEDELLIN,15875
2026,MAR,capital_departamento,MEDELLIN,16504
2026,ABR,capital_departamento,MEDELLIN,16092
2026,ENE,departamento,ANTIOQUIA,30324
2026,FEB,departamento,ANTIOQUIA,32504
2026,MAR,departamento,ANTIOQUIA,34311
2026,ABR,departamento,ANTIOQUIA,33257
2026,ENE,motivo_especifico_2024_2026,NEGACIÓN PARA LA ENTREGA DE TECNOLOGÍAS EN SALUD Y/O DE OTRO,31628
2026,FEB,motivo_especifico_2024_2026,NEGACIÓN PARA LA ENTREGA DE TECNOLOGÍAS EN SALUD Y/O DE OTRO,32091
2026,MAR,motivo_especifico_2024_2026,NEGACIÓN PARA LA ENTREGA DE TECNOLOGÍAS EN SALUD Y/O DE OTRO,30674
2026,ABR,motivo_especifico_2024_2026,NEGACIÓN PARA LA ENTREGA DE TECNOLOGÍAS EN SALUD Y/O DE OTRO,29425
2026,ENE,motivo_especifico_2024_2026,NEGACIÓN EN LA ASIGNACIÓN DE CITAS O CONSULTAS,28082
2026,FEB,motivo_especifico_2024_2026,NEGACIÓN EN LA ASIGNACIÓN DE CITAS O CONSULTAS,29770
2026,MAR,motivo_especifico_2024_2026,NEGACIÓN EN LA ASIGNACIÓN DE CITAS O CONSULTAS,32181
2026,ABR,motivo_especifico_2024_2026,NEGACIÓN EN LA ASIGNACIÓN DE CITAS O CONSULTAS,32495
2026,ENE,motivo_especifico_2024_2026,FALTA DE OPORTUNIDAD EN LAS CITAS O CONSULTAS,25248
2026,FEB,motivo_especifico_2024_2026,FALTA DE OPORTUNIDAD EN LAS CITAS O CONSULTAS,28213
2026,MAR,motivo_especifico_2024_2026,FALTA DE OPORTUNIDAD EN LAS CITAS O CONSULTAS,33052
2026,ABR,motivo_especifico_2024_2026,FALTA DE OPORTUNIDAD EN LAS CITAS O CONSULTAS,33030
2026,ENE,motivo_especifico_2024_2026,FALTA DE OPORTUNIDAD EN LA ATENCIÓN EN OTROS SERVICIOS DE SA,17115
2026,FEB,motivo_especifico_2024_2026,FALTA DE OPORTUNIDAD EN LA ATENCIÓN EN OTROS SERVICIOS DE SA,18634
2026,MAR,motivo_especifico_2024_2026,FALTA DE OPORTUNIDAD EN LA ATENCIÓN EN OTROS SERVICIOS DE SA,21183
2026,ABR,motivo_especifico_2024_2026,FALTA DE OPORTUNIDAD EN LA ATENCIÓN EN OTROS SERVICIOS DE SA,21221
2026,ENE,motivo_especifico_2024_2026,FALTA DE OPORTUNIDAD EN LA ENTREGA O ENTREGA INCOMPLETA DE T,13714
2026,FEB,motivo_especifico_2024_2026,FALTA DE OPORTUNIDAD EN LA ENTREGA O ENTREGA INCOMPLETA DE T,13641
2026,MAR,motivo_especifico_2024_2026,FALTA DE OPORTUNIDAD EN LA ENTREGA O ENTREGA INCOMPLETA DE T,13388
2026,ABR,motivo_especifico_2024_2026,FALTA DE OPORTUNIDAD EN LA ENTREGA O ENTREGA INCOMPLETA DE T,12473
2026,ENE,motivo_especifico_2024_2026,NEGACIÓN EN LA ATENCIÓN EN OTROS SERVICIOS DE SALUD,11892
2026,FEB,motivo_especifico_2024_2026,NEGACIÓN EN LA ATENCIÓN EN OTROS SERVICIOS DE SALUD,12728
2026,MAR,motivo_especifico_2024_2026,NEGACIÓN EN LA ATENCIÓN EN OTROS SERVICIOS DE SALUD,13870
2026,ABR,motivo_especifico_2024_2026,NEGACIÓN EN LA ATENCIÓN EN OTROS SERVICIOS DE SALUD,13351
2026,ENE,motivo_especifico_2024_2026,FALTA DE OPORTUNIDAD EN LA AUTORIZACIÓN DE OTROS SERVICIOS D,9442
2026,FEB,motivo_especifico_2024_2026,FALTA DE OPORTUNIDAD EN LA AUTORIZACIÓN DE OTROS SERVICIOS D,9896
2026,MAR,motivo_especifico_2024_2026,FALTA DE OPORTUNIDAD EN LA AUTORIZACIÓN DE OTROS SERVICIOS D,10818
2026,ABR,motivo_especifico_2024_2026,FALTA DE OPORTUNIDAD EN LA AUTORIZACIÓN DE OTROS SERVICIOS D,10503
2026,ENE,motivo_especifico_2024_2026,FALTA DE OPORTUNIDAD EN LA AUTORIZACIÓN DE TECNOLOGÍAS EN SA,6872
2026,FEB,motivo_especifico_2024_2026,FALTA DE OPORTUNIDAD EN LA AUTORIZACIÓN DE TECNOLOGÍAS EN SA,7682
2026,MAR,motivo_especifico_2024_2026,FALTA DE OPORTUNIDAD EN LA AUTORIZACIÓN DE TECNOLOGÍAS EN SA,8369
2026,ABR,motivo_especifico_2024_2026,FALTA DE OPORTUNIDAD EN LA AUTORIZACIÓN DE TECNOLOGÍAS EN SA,7652
2026,ENE,motivo_especifico_2024_2026,FALTA DE OPORTUNIDAD EN LA AUTORIZACIÓN DE CITAS DE CONSULTA,5304
2026,FEB,motivo_especifico_2024_2026,FALTA DE OPORTUNIDAD EN LA AUTORIZACIÓN DE CITAS DE CONSULTA,5690
2026,MAR,motivo_especifico_2024_2026,FALTA DE OPORTUNIDAD EN LA AUTORIZACIÓN DE CITAS DE CONSULTA,6095
2026,ABR,motivo_especifico_2024_2026,FALTA DE OPORTUNIDAD EN LA AUTORIZACIÓN DE CITAS DE CONSULTA,5727
2026,ENE,motivo_especifico_2024_2026,FALTA DE OPORTUNIDAD EN EL PROCESO DE REFERENCIA Y CONTRARRE,5031
2026,FEB,motivo_especifico_2024_2026,FALTA DE OPORTUNIDAD EN EL PROCESO DE REFERENCIA Y CONTRARRE,4279
2026,MAR,motivo_especifico_2024_2026,FALTA DE OPORTUNIDAD EN EL PROCESO DE REFERENCIA Y CONTRARRE,5467
2026,ABR,motivo_especifico_2024_2026,FALTA DE OPORTUNIDAD EN EL PROCESO DE REFERENCIA Y CONTRARRE,5501
2026,ENE,otro_vigilado,DIRECCION_SECCIONAL_SALUD_ANTIOQUIA,413
2026,FEB,otro_vigilado,DIRECCION_SECCIONAL_SALUD_ANTIOQUIA,464
2026,MAR,otro_vigilado,DIRECCION_SECCIONAL_SALUD_ANTIOQUIA,507
2026,ABR,otro_vigilado,DIRECCION_SECCIONAL_SALUD_ANTIOQUIA,581
2022,ENE,capital_departamento,MEDELLIN,6967
2022,FEB,capital_departamento,MEDELLIN,7057
2022,MAR,capital_departamento,MEDELLIN,8518
2022,ABR,capital_departamento,MEDELLIN,7578
2022,MAY,capital_departamento,MEDELLIN,8770
2022,JUN,capital_departamento,MEDELLIN,8102
2022,JUL,capital_departamento,MEDELLIN,8630
2022,AGO,capital_departamento,MEDELLIN,7997
2022,SEP,capital_departamento,MEDELLIN,8232
2022,OCT,capital_departamento,MEDELLIN,7938
2022,ENE,departamento,ANTIOQUIA,12817
2022,FEB,departamento,ANTIOQUIA,13239
2022,MAR,departamento,ANTIOQUIA,16002
2022,ABR,departamento,ANTIOQUIA,14230
2022,MAY,departamento,ANTIOQUIA,16710
2022,JUN,departamento,ANTIOQUIA,16015
2022,JUL,departamento,ANTIOQUIA,17586
2022,AGO,departamento,ANTIOQUIA,15500
2022,SEP,departamento,ANTIOQUIA,16147
2022,OCT,departamento,ANTIOQUIA,15937
2022,ENE,motivo_especifico_legacy_2021_2023,FALTA DE OPORTUNIDAD EN LA ASIGNACIÓN DE CITAS DE CONSULTA M,19337
2022,FEB,motivo_especifico_legacy_2021_2023,FALTA DE OPORTUNIDAD EN LA ASIGNACIÓN DE CITAS DE CONSULTA M,21384
2022,MAR,motivo_especifico_legacy_2021_2023,FALTA DE OPORTUNIDAD EN LA ASIGNACIÓN DE CITAS DE CONSULTA M,26954
2022,ABR,motivo_especifico_legacy_2021_2023,FALTA DE OPORTUNIDAD EN LA ASIGNACIÓN DE CITAS DE CONSULTA M,23774
2022,MAY,motivo_especifico_legacy_2021_2023,FALTA DE OPORTUNIDAD EN LA ASIGNACIÓN DE CITAS DE CONSULTA M,27939
2022,JUN,motivo_especifico_legacy_2021_2023,FALTA DE OPORTUNIDAD EN LA ASIGNACIÓN DE CITAS DE CONSULTA M,28285
2022,JUL,motivo_especifico_legacy_2021_2023,FALTA DE OPORTUNIDAD EN LA ASIGNACIÓN DE CITAS DE CONSULTA M,30169
2022,AGO,motivo_especifico_legacy_2021_2023,FALTA DE OPORTUNIDAD EN LA ASIGNACIÓN DE CITAS DE CONSULTA M,29060
2022,SEP,motivo_especifico_legacy_2021_2023,FALTA DE OPORTUNIDAD EN LA ASIGNACIÓN DE CITAS DE CONSULTA M,31194
2022,OCT,motivo_especifico_legacy_2021_2023,FALTA DE OPORTUNIDAD EN LA ASIGNACIÓN DE CITAS DE CONSULTA M,30014
2022,ENE,motivo_especifico_legacy_2021_2023,FALTA DE OPORTUNIDAD EN LA ENTREGA DE MEDICAMENTOS POS,4608
2022,FEB,motivo_especifico_legacy_2021_2023,FALTA DE OPORTUNIDAD EN LA ENTREGA DE MEDICAMENTOS POS,6497
2022,MAR,motivo_especifico_legacy_2021_2023,FALTA DE OPORTUNIDAD EN LA ENTREGA DE MEDICAMENTOS POS,10231
2022,ABR,motivo_especifico_legacy_2021_2023,FALTA DE OPORTUNIDAD EN LA ENTREGA DE MEDICAMENTOS POS,10129
2022,MAY,motivo_especifico_legacy_2021_2023,FALTA DE OPORTUNIDAD EN LA ENTREGA DE MEDICAMENTOS POS,11632
2022,JUN,motivo_especifico_legacy_2021_2023,FALTA DE OPORTUNIDAD EN LA ENTREGA DE MEDICAMENTOS POS,11081
2022,JUL,motivo_especifico_legacy_2021_2023,FALTA DE OPORTUNIDAD EN LA ENTREGA DE MEDICAMENTOS POS,12688
2022,AGO,motivo_especifico_legacy_2021_2023,FALTA DE OPORTUNIDAD EN LA ENTREGA DE MEDICAMENTOS POS,10937
2022,SEP,motivo_especifico_legacy_2021_2023,FALTA DE OPORTUNIDAD EN LA ENTREGA DE MEDICAMENTOS POS,10972
2022,OCT,motivo_especifico_legacy_2021_2023,FALTA DE OPORTUNIDAD EN LA ENTREGA DE MEDICAMENTOS POS,10372
2022,ENE,motivo_especifico_legacy_2021_2023,DEMORA DE LA PROGRAMACIÓN DE EXÁMENES DE LABORATORIO O DIAGN,4423
2022,FEB,motivo_especifico_legacy_2021_2023,DEMORA DE LA PROGRAMACIÓN DE EXÁMENES DE LABORATORIO O DIAGN,5161
2022,MAR,motivo_especifico_legacy_2021_2023,DEMORA DE LA PROGRAMACIÓN DE EXÁMENES DE LABORATORIO O DIAGN,7061
2022,ABR,motivo_especifico_legacy_2021_2023,DEMORA DE LA PROGRAMACIÓN DE EXÁMENES DE LABORATORIO O DIAGN,5878
2022,MAY,motivo_especifico_legacy_2021_2023,DEMORA DE LA PROGRAMACIÓN DE EXÁMENES DE LABORATORIO O DIAGN,7103
2022,JUN,motivo_especifico_legacy_2021_2023,DEMORA DE LA PROGRAMACIÓN DE EXÁMENES DE LABORATORIO O DIAGN,7212
2022,JUL,motivo_especifico_legacy_2021_2023,DEMORA DE LA PROGRAMACIÓN DE EXÁMENES DE LABORATORIO O DIAGN,5816
2022,AGO,motivo_especifico_legacy_2021_2023,DEMORA DE LA PROGRAMACIÓN DE EXÁMENES DE LABORATORIO O DIAGN,3821
2022,SEP,motivo_especifico_legacy_2021_2023,DEMORA DE LA PROGRAMACIÓN DE EXÁMENES DE LABORATORIO O DIAGN,3803
2022,OCT,motivo_especifico_legacy_2021_2023,DEMORA DE LA PROGRAMACIÓN DE EXÁMENES DE LABORATORIO O DIAGN,3435
2022,ENE,motivo_especifico_legacy_2021_2023,FALTA DE OPORTUNIDAD EN LA PROGRAMACIÓN DE CIRUGÍA,3879
2022,FEB,motivo_especifico_legacy_2021_2023,FALTA DE OPORTUNIDAD EN LA PROGRAMACIÓN DE CIRUGÍA,4493
2022,MAR,motivo_especifico_legacy_2021_2023,FALTA DE OPORTUNIDAD EN LA PROGRAMACIÓN DE CIRUGÍA,5239
2022,ABR,motivo_especifico_legacy_2021_2023,FALTA DE OPORTUNIDAD EN LA PROGRAMACIÓN DE CIRUGÍA,4645
2022,MAY,motivo_especifico_legacy_2021_2023,FALTA DE OPORTUNIDAD EN LA PROGRAMACIÓN DE CIRUGÍA,4976
2022,JUN,motivo_especifico_legacy_2021_2023,FALTA DE OPORTUNIDAD EN LA PROGRAMACIÓN DE CIRUGÍA,4765
2022,JUL,motivo_especifico_legacy_2021_2023,FALTA DE OPORTUNIDAD EN LA PROGRAMACIÓN DE CIRUGÍA,5333
2022,AGO,motivo_especifico_legacy_2021_2023,FALTA DE OPORTUNIDAD EN LA PROGRAMACIÓN DE CIRUGÍA,5142
2022,SEP,motivo_especifico_legacy_2021_2023,FALTA DE OPORTUNIDAD EN LA PROGRAMACIÓN DE CIRUGÍA,5465
2022,OCT,motivo_especifico_legacy_2021_2023,FALTA DE OPORTUNIDAD EN LA PROGRAMACIÓN DE CIRUGÍA,5371
2022,ENE,motivo_especifico_legacy_2021_2023,FALTA DE OPORTUNIDAD PARA LA PRESTACIÓN DE SERVICIOS DE IMAG,2370
2022,FEB,motivo_especifico_legacy_2021_2023,FALTA DE OPORTUNIDAD PARA LA PRESTACIÓN DE SERVICIOS DE IMAG,2708
2022,MAR,motivo_especifico_legacy_2021_2023,FALTA DE OPORTUNIDAD PARA LA PRESTACIÓN DE SERVICIOS DE IMAG,3528
2022,ABR,motivo_especifico_legacy_2021_2023,FALTA DE OPORTUNIDAD PARA LA PRESTACIÓN DE SERVICIOS DE IMAG,3209
2022,MAY,motivo_especifico_legacy_2021_2023,FALTA DE OPORTUNIDAD PARA LA PRESTACIÓN DE SERVICIOS DE IMAG,3710
2022,JUN,motivo_especifico_legacy_2021_2023,FALTA DE OPORTUNIDAD PARA LA PRESTACIÓN DE SERVICIOS DE IMAG,3556
2022,JUL,motivo_especifico_legacy_2021_2023,FALTA DE OPORTUNIDAD PARA LA PRESTACIÓN DE SERVICIOS DE IMAG,5270
2022,AGO,motivo_especifico_legacy_2021_2023,FALTA DE OPORTUNIDAD PARA LA PRESTACIÓN DE SERVICIOS DE IMAG,6200
2022,SEP,motivo_especifico_legacy_2021_2023,FALTA DE OPORTUNIDAD PARA LA PRESTACIÓN DE SERVICIOS DE IMAG,6832
2022,OCT,motivo_especifico_legacy_2021_2023,FALTA DE OPORTUNIDAD PARA LA PRESTACIÓN DE SERVICIOS DE IMAG,7221
2022,ENE,motivo_especifico_legacy_2021_2023,"NO APLICACIÓN DE NORMAS, GUÍAS O PROTOCOLOS DE ATENCIÓN",2884
2022,FEB,motivo_especifico_legacy_2021_2023,"NO APLICACIÓN DE NORMAS, GUÍAS O PROTOCOLOS DE ATENCIÓN",2904
2022,MAR,motivo_especifico_legacy_2021_2023,"NO APLICACIÓN DE NORMAS, GUÍAS O PROTOCOLOS DE ATENCIÓN",3374
2022,ABR,motivo_especifico_legacy_2021_2023,"NO APLICACIÓN DE NORMAS, GUÍAS O PROTOCOLOS DE ATENCIÓN",2961
2022,MAY,motivo_especifico_legacy_2021_2023,"NO APLICACIÓN DE NORMAS, GUÍAS O PROTOCOLOS DE ATENCIÓN",3551
2022,JUN,motivo_especifico_legacy_2021_2023,"NO APLICACIÓN DE NORMAS, GUÍAS O PROTOCOLOS DE ATENCIÓN",3473
2022,JUL,motivo_especifico_legacy_2021_2023,"NO APLICACIÓN DE NORMAS, GUÍAS O PROTOCOLOS DE ATENCIÓN",3873
2022,AGO,motivo_especifico_legacy_2021_2023,"NO APLICACIÓN DE NORMAS, GUÍAS O PROTOCOLOS DE ATENCIÓN",3866
2022,SEP,motivo_especifico_legacy_2021_2023,"NO APLICACIÓN DE NORMAS, GUÍAS O PROTOCOLOS DE ATENCIÓN",4108
2022,OCT,motivo_especifico_legacy_2021_2023,"NO APLICACIÓN DE NORMAS, GUÍAS O PROTOCOLOS DE ATENCIÓN",3762
2022,ENE,motivo_especifico_legacy_2021_2023,DEFICIENCIAS EN LA SEGURIDAD DEL PACIENTE,2957
2022,FEB,motivo_especifico_legacy_2021_2023,DEFICIENCIAS EN LA SEGURIDAD DEL PACIENTE,2877
2022,MAR,motivo_especifico_legacy_2021_2023,DEFICIENCIAS EN LA SEGURIDAD DEL PACIENTE,3069
2022,ABR,motivo_especifico_legacy_2021_2023,DEFICIENCIAS EN LA SEGURIDAD DEL PACIENTE,2613
2022,MAY,motivo_especifico_legacy_2021_2023,DEFICIENCIAS EN LA SEGURIDAD DEL PACIENTE,2879
2022,JUN,motivo_especifico_legacy_2021_2023,DEFICIENCIAS EN LA SEGURIDAD DEL PACIENTE,3089
2022,JUL,motivo_especifico_legacy_2021_2023,DEFICIENCIAS EN LA SEGURIDAD DEL PACIENTE,3443
2022,AGO,motivo_especifico_legacy_2021_2023,DEFICIENCIAS EN LA SEGURIDAD DEL PACIENTE,3180
2022,SEP,motivo_especifico_legacy_2021_2023,DEFICIENCIAS EN LA SEGURIDAD DEL PACIENTE,3410
2022,OCT,motivo_especifico_legacy_2021_2023,DEFICIENCIAS EN LA SEGURIDAD DEL PACIENTE,3406
2022,ENE,motivo_especifico_legacy_2021_2023,FALTA DE OPORTUNIDAD EN LA ENTREGA DE MEDICAMENTOS NO POS,3181
2022,FEB,motivo_especifico_legacy_2021_2023,FALTA DE OPORTUNIDAD EN LA ENTREGA DE MEDICAMENTOS NO POS,3092
2022,MAR,motivo_especifico_legacy_2021_2023,FALTA DE OPORTUNIDAD EN LA ENTREGA DE MEDICAMENTOS NO POS,3607
2022,ABR,motivo_especifico_legacy_2021_2023,FALTA DE OPORTUNIDAD EN LA ENTREGA DE MEDICAMENTOS NO POS,2824
2022,MAY,motivo_especifico_legacy_2021_2023,FALTA DE OPORTUNIDAD EN LA ENTREGA DE MEDICAMENTOS NO POS,3068
2022,JUN,motivo_especifico_legacy_2021_2023,FALTA DE OPORTUNIDAD EN LA ENTREGA DE MEDICAMENTOS NO POS,2652
2022,JUL,motivo_especifico_legacy_2021_2023,FALTA DE OPORTUNIDAD EN LA ENTREGA DE MEDICAMENTOS NO POS,2649
2022,AGO,motivo_especifico_legacy_2021_2023,FALTA DE OPORTUNIDAD EN LA ENTREGA DE MEDICAMENTOS NO POS,2351
2022,SEP,motivo_especifico_legacy_2021_2023,FALTA DE OPORTUNIDAD EN LA ENTREGA DE MEDICAMENTOS NO POS,2264
2022,OCT,motivo_especifico_legacy_2021_2023,FALTA DE OPORTUNIDAD EN LA ENTREGA DE MEDICAMENTOS NO POS,2078
2022,ENE,motivo_especifico_legacy_2021_2023,FALTA DE OPORTUNIDAD EN LA ASIGNACIÓN DE CITAS DE CONSULTA M,3130
2022,FEB,motivo_especifico_legacy_2021_2023,FALTA DE OPORTUNIDAD EN LA ASIGNACIÓN DE CITAS DE CONSULTA M,2926
2022,MAR,motivo_especifico_legacy_2021_2023,FALTA DE OPORTUNIDAD EN LA ASIGNACIÓN DE CITAS DE CONSULTA M,3597
2022,ABR,motivo_especifico_legacy_2021_2023,FALTA DE OPORTUNIDAD EN LA ASIGNACIÓN DE CITAS DE CONSULTA M,2679
2022,MAY,motivo_especifico_legacy_2021_2023,FALTA DE OPORTUNIDAD EN LA ASIGNACIÓN DE CITAS DE CONSULTA M,2733
2022,JUN,motivo_especifico_legacy_2021_2023,FALTA DE OPORTUNIDAD EN LA ASIGNACIÓN DE CITAS DE CONSULTA M,2329
2022,JUL,motivo_especifico_legacy_2021_2023,FALTA DE OPORTUNIDAD EN LA ASIGNACIÓN DE CITAS DE CONSULTA M,2557
2022,AGO,motivo_especifico_legacy_2021_2023,FALTA DE OPORTUNIDAD EN LA ASIGNACIÓN DE CITAS DE CONSULTA M,2061
2022,SEP,motivo_especifico_legacy_2021_2023,FALTA DE OPORTUNIDAD EN LA ASIGNACIÓN DE CITAS DE CONSULTA M,2002
2022,OCT,motivo_especifico_legacy_2021_2023,FALTA DE OPORTUNIDAD EN LA ASIGNACIÓN DE CITAS DE CONSULTA M,1522
2022,ENE,motivo_especifico_legacy_2021_2023,"DEFICIENTE INFORMACIÓN SOBRE DERECHOS, DEBERES Y TRÁMITES",2350
2022,FEB,motivo_especifico_legacy_2021_2023,"DEFICIENTE INFORMACIÓN SOBRE DERECHOS, DEBERES Y TRÁMITES",2330
2022,MAR,motivo_especifico_legacy_2021_2023,"DEFICIENTE INFORMACIÓN SOBRE DERECHOS, DEBERES Y TRÁMITES",2584
2022,ABR,motivo_especifico_legacy_2021_2023,"DEFICIENTE INFORMACIÓN SOBRE DERECHOS, DEBERES Y TRÁMITES",1911
2022,MAY,motivo_especifico_legacy_2021_2023,"DEFICIENTE INFORMACIÓN SOBRE DERECHOS, DEBERES Y TRÁMITES",2385
2022,JUN,motivo_especifico_legacy_2021_2023,"DEFICIENTE INFORMACIÓN SOBRE DERECHOS, DEBERES Y TRÁMITES",2186
2022,JUL,motivo_especifico_legacy_2021_2023,"DEFICIENTE INFORMACIÓN SOBRE DERECHOS, DEBERES Y TRÁMITES",2667
2022,AGO,motivo_especifico_legacy_2021_2023,"DEFICIENTE INFORMACIÓN SOBRE DERECHOS, DEBERES Y TRÁMITES",2833
2022,SEP,motivo_especifico_legacy_2021_2023,"DEFICIENTE INFORMACIÓN SOBRE DERECHOS, DEBERES Y TRÁMITES",3192
2022,OCT,motivo_especifico_legacy_2021_2023,"DEFICIENTE INFORMACIÓN SOBRE DERECHOS, DEBERES Y TRÁMITES",3010
2022,ENE,otro_vigilado,DIRECCION_SECCIONAL_SALUD_ANTIOQUIA,171
2022,FEB,otro_vigilado,DIRECCION_SECCIONAL_SALUD_ANTIOQUIA,214
2022,MAR,otro_vigilado,DIRECCION_SECCIONAL_SALUD_ANTIOQUIA,285
2022,ABR,otro_vigilado,DIRECCION_SECCIONAL_SALUD_ANTIOQUIA,222
2022,MAY,otro_vigilado,DIRECCION_SECCIONAL_SALUD_ANTIOQUIA,260
2022,JUN,otro_vigilado,DIRECCION_SECCIONAL_SALUD_ANTIOQUIA,172
2022,JUL,otro_vigilado,DIRECCION_SECCIONAL_SALUD_ANTIOQUIA,159
2022,AGO,otro_vigilado,DIRECCION_SECCIONAL_SALUD_ANTIOQUIA,205
2022,SEP,otro_vigilado,DIRECCION_SECCIONAL_SALUD_ANTIOQUIA,131
2022,OCT,otro_vigilado,DIRECCION_SECCIONAL_SALUD_ANTIOQUIA,141
2025,ENE,capital_departamento,MEDELLIN,13174
2025,FEB,capital_departamento,MEDELLIN,13024
2025,MAR,capital_departamento,MEDELLIN,14700
2025,ABR,capital_departamento,MEDELLIN,14332
2025,MAY,capital_departamento,MEDELLIN,15946
2025,JUN,capital_departamento,MEDELLIN,14501
2025,JUL,capital_departamento,MEDELLIN,18804
2025,AGO,capital_departamento,MEDELLIN,14221
2025,SEP,capital_departamento,MEDELLIN,19037
2025,OCT,capital_departamento,MEDELLIN,17694
2025,ENE,departamento,ANTIOQUIA,28338
2025,FEB,departamento,ANTIOQUIA,27562
2025,MAR,departamento,ANTIOQUIA,30466
2025,ABR,departamento,ANTIOQUIA,30004
2025,MAY,departamento,ANTIOQUIA,33669
2025,JUN,departamento,ANTIOQUIA,30209
2025,JUL,departamento,ANTIOQUIA,38910
2025,AGO,departamento,ANTIOQUIA,30057
2025,SEP,departamento,ANTIOQUIA,39751
2025,OCT,departamento,ANTIOQUIA,37047
2025,ENE,motivo_especifico_2024_2026,NEGACIÓN PARA LA ENTREGA DE TECNOLOGÍAS EN SALUD Y/O DE OTRO,34329
2025,FEB,motivo_especifico_2024_2026,NEGACIÓN PARA LA ENTREGA DE TECNOLOGÍAS EN SALUD Y/O DE OTRO,31084
2025,MAR,motivo_especifico_2024_2026,NEGACIÓN PARA LA ENTREGA DE TECNOLOGÍAS EN SALUD Y/O DE OTRO,33412
2025,ABR,motivo_especifico_2024_2026,NEGACIÓN PARA LA ENTREGA DE TECNOLOGÍAS EN SALUD Y/O DE OTRO,29926
2025,MAY,motivo_especifico_2024_2026,NEGACIÓN PARA LA ENTREGA DE TECNOLOGÍAS EN SALUD Y/O DE OTRO,36654
2025,JUN,motivo_especifico_2024_2026,NEGACIÓN PARA LA ENTREGA DE TECNOLOGÍAS EN SALUD Y/O DE OTRO,30457
2025,JUL,motivo_especifico_2024_2026,NEGACIÓN PARA LA ENTREGA DE TECNOLOGÍAS EN SALUD Y/O DE OTRO,38219
2025,AGO,motivo_especifico_2024_2026,NEGACIÓN PARA LA ENTREGA DE TECNOLOGÍAS EN SALUD Y/O DE OTRO,25404
2025,SEP,motivo_especifico_2024_2026,NEGACIÓN PARA LA ENTREGA DE TECNOLOGÍAS EN SALUD Y/O DE OTRO,31988
2025,OCT,motivo_especifico_2024_2026,NEGACIÓN PARA LA ENTREGA DE TECNOLOGÍAS EN SALUD Y/O DE OTRO,35309
2025,ENE,motivo_especifico_2024_2026,NEGACIÓN EN LA ASIGNACIÓN DE CITAS O CONSULTAS,26875
2025,FEB,motivo_especifico_2024_2026,NEGACIÓN EN LA ASIGNACIÓN DE CITAS O CONSULTAS,26047
2025,MAR,motivo_especifico_2024_2026,NEGACIÓN EN LA ASIGNACIÓN DE CITAS O CONSULTAS,27293
2025,ABR,motivo_especifico_2024_2026,NEGACIÓN EN LA ASIGNACIÓN DE CITAS O CONSULTAS,25193
2025,MAY,motivo_especifico_2024_2026,NEGACIÓN EN LA ASIGNACIÓN DE CITAS O CONSULTAS,27845
2025,JUN,motivo_especifico_2024_2026,NEGACIÓN EN LA ASIGNACIÓN DE CITAS O CONSULTAS,25294
2025,JUL,motivo_especifico_2024_2026,NEGACIÓN EN LA ASIGNACIÓN DE CITAS O CONSULTAS,33243
2025,AGO,motivo_especifico_2024_2026,NEGACIÓN EN LA ASIGNACIÓN DE CITAS O CONSULTAS,29271
2025,SEP,motivo_especifico_2024_2026,NEGACIÓN EN LA ASIGNACIÓN DE CITAS O CONSULTAS,38357
2025,OCT,motivo_especifico_2024_2026,NEGACIÓN EN LA ASIGNACIÓN DE CITAS O CONSULTAS,38379
2025,ENE,motivo_especifico_2024_2026,FALTA DE OPORTUNIDAD EN LAS CITAS O CONSULTAS,24394
2025,FEB,motivo_especifico_2024_2026,FALTA DE OPORTUNIDAD EN LAS CITAS O CONSULTAS,25253
2025,MAR,motivo_especifico_2024_2026,FALTA DE OPORTUNIDAD EN LAS CITAS O CONSULTAS,27028
2025,ABR,motivo_especifico_2024_2026,FALTA DE OPORTUNIDAD EN LAS CITAS O CONSULTAS,25811
2025,MAY,motivo_especifico_2024_2026,FALTA DE OPORTUNIDAD EN LAS CITAS O CONSULTAS,27705
2025,JUN,motivo_especifico_2024_2026,FALTA DE OPORTUNIDAD EN LAS CITAS O CONSULTAS,24827
2025,JUL,motivo_especifico_2024_2026,FALTA DE OPORTUNIDAD EN LAS CITAS O CONSULTAS,33810
2025,AGO,motivo_especifico_2024_2026,FALTA DE OPORTUNIDAD EN LAS CITAS O CONSULTAS,27426
2025,SEP,motivo_especifico_2024_2026,FALTA DE OPORTUNIDAD EN LAS CITAS O CONSULTAS,36569
2025,OCT,motivo_especifico_2024_2026,FALTA DE OPORTUNIDAD EN LAS CITAS O CONSULTAS,31957
2025,ENE,motivo_especifico_2024_2026,FALTA DE OPORTUNIDAD EN LA ATENCIÓN EN OTROS SERVICIOS DE SA,16878
2025,FEB,motivo_especifico_2024_2026,FALTA DE OPORTUNIDAD EN LA ATENCIÓN EN OTROS SERVICIOS DE SA,16959
2025,MAR,motivo_especifico_2024_2026,FALTA DE OPORTUNIDAD EN LA ATENCIÓN EN OTROS SERVICIOS DE SA,18036
2025,ABR,motivo_especifico_2024_2026,FALTA DE OPORTUNIDAD EN LA ATENCIÓN EN OTROS SERVICIOS DE SA,17336
2025,MAY,motivo_especifico_2024_2026,FALTA DE OPORTUNIDAD EN LA ATENCIÓN EN OTROS SERVICIOS DE SA,18814
2025,JUN,motivo_especifico_2024_2026,FALTA DE OPORTUNIDAD EN LA ATENCIÓN EN OTROS SERVICIOS DE SA,16366
2025,JUL,motivo_especifico_2024_2026,FALTA DE OPORTUNIDAD EN LA ATENCIÓN EN OTROS SERVICIOS DE SA,22380
2025,AGO,motivo_especifico_2024_2026,FALTA DE OPORTUNIDAD EN LA ATENCIÓN EN OTROS SERVICIOS DE SA,18187
2025,SEP,motivo_especifico_2024_2026,FALTA DE OPORTUNIDAD EN LA ATENCIÓN EN OTROS SERVICIOS DE SA,24032
2025,OCT,motivo_especifico_2024_2026,FALTA DE OPORTUNIDAD EN LA ATENCIÓN EN OTROS SERVICIOS DE SA,21771
2025,ENE,motivo_especifico_2024_2026,FALTA DE OPORTUNIDAD EN LA ENTREGA O ENTREGA INCOMPLETA DE T,20067
2025,FEB,motivo_especifico_2024_2026,FALTA DE OPORTUNIDAD EN LA ENTREGA O ENTREGA INCOMPLETA DE T,19031
2025,MAR,motivo_especifico_2024_2026,FALTA DE OPORTUNIDAD EN LA ENTREGA O ENTREGA INCOMPLETA DE T,20313
2025,ABR,motivo_especifico_2024_2026,FALTA DE OPORTUNIDAD EN LA ENTREGA O ENTREGA INCOMPLETA DE T,18784
2025,MAY,motivo_especifico_2024_2026,FALTA DE OPORTUNIDAD EN LA ENTREGA O ENTREGA INCOMPLETA DE T,21354
2025,JUN,motivo_especifico_2024_2026,FALTA DE OPORTUNIDAD EN LA ENTREGA O ENTREGA INCOMPLETA DE T,17307
2025,JUL,motivo_especifico_2024_2026,FALTA DE OPORTUNIDAD EN LA ENTREGA O ENTREGA INCOMPLETA DE T,18726
2025,AGO,motivo_especifico_2024_2026,FALTA DE OPORTUNIDAD EN LA ENTREGA O ENTREGA INCOMPLETA DE T,13199
2025,SEP,motivo_especifico_2024_2026,FALTA DE OPORTUNIDAD EN LA ENTREGA O ENTREGA INCOMPLETA DE T,16467
2025,OCT,motivo_especifico_2024_2026,FALTA DE OPORTUNIDAD EN LA ENTREGA O ENTREGA INCOMPLETA DE T,14358
2025,ENE,motivo_especifico_2024_2026,NEGACIÓN EN LA ATENCIÓN EN OTROS SERVICIOS DE SALUD,11315
2025,FEB,motivo_especifico_2024_2026,NEGACIÓN EN LA ATENCIÓN EN OTROS SERVICIOS DE SALUD,10720
2025,MAR,motivo_especifico_2024_2026,NEGACIÓN EN LA ATENCIÓN EN OTROS SERVICIOS DE SALUD,10546
2025,ABR,motivo_especifico_2024_2026,NEGACIÓN EN LA ATENCIÓN EN OTROS SERVICIOS DE SALUD,9996
2025,MAY,motivo_especifico_2024_2026,NEGACIÓN EN LA ATENCIÓN EN OTROS SERVICIOS DE SALUD,11190
2025,JUN,motivo_especifico_2024_2026,NEGACIÓN EN LA ATENCIÓN EN OTROS SERVICIOS DE SALUD,9934
2025,JUL,motivo_especifico_2024_2026,NEGACIÓN EN LA ATENCIÓN EN OTROS SERVICIOS DE SALUD,12895
2025,AGO,motivo_especifico_2024_2026,NEGACIÓN EN LA ATENCIÓN EN OTROS SERVICIOS DE SALUD,11327
2025,SEP,motivo_especifico_2024_2026,NEGACIÓN EN LA ATENCIÓN EN OTROS SERVICIOS DE SALUD,16014
2025,OCT,motivo_especifico_2024_2026,NEGACIÓN EN LA ATENCIÓN EN OTROS SERVICIOS DE SALUD,16212
2025,ENE,motivo_especifico_2024_2026,FALTA DE OPORTUNIDAD EN LA AUTORIZACIÓN DE OTROS SERVICIOS D,8775
2025,FEB,motivo_especifico_2024_2026,FALTA DE OPORTUNIDAD EN LA AUTORIZACIÓN DE OTROS SERVICIOS D,9191
2025,MAR,motivo_especifico_2024_2026,FALTA DE OPORTUNIDAD EN LA AUTORIZACIÓN DE OTROS SERVICIOS D,10482
2025,ABR,motivo_especifico_2024_2026,FALTA DE OPORTUNIDAD EN LA AUTORIZACIÓN DE OTROS SERVICIOS D,10465
2025,MAY,motivo_especifico_2024_2026,FALTA DE OPORTUNIDAD EN LA AUTORIZACIÓN DE OTROS SERVICIOS D,11439
2025,JUN,motivo_especifico_2024_2026,FALTA DE OPORTUNIDAD EN LA AUTORIZACIÓN DE OTROS SERVICIOS D,10394
2025,JUL,motivo_especifico_2024_2026,FALTA DE OPORTUNIDAD EN LA AUTORIZACIÓN DE OTROS SERVICIOS D,13557
2025,AGO,motivo_especifico_2024_2026,FALTA DE OPORTUNIDAD EN LA AUTORIZACIÓN DE OTROS SERVICIOS D,10985
2025,SEP,motivo_especifico_2024_2026,FALTA DE OPORTUNIDAD EN LA AUTORIZACIÓN DE OTROS SERVICIOS D,13783
2025,OCT,motivo_especifico_2024_2026,FALTA DE OPORTUNIDAD EN LA AUTORIZACIÓN DE OTROS SERVICIOS D,12602
2025,ENE,motivo_especifico_2024_2026,FALTA DE OPORTUNIDAD EN LA AUTORIZACIÓN DE TECNOLOGÍAS EN SA,5486
2025,FEB,motivo_especifico_2024_2026,FALTA DE OPORTUNIDAD EN LA AUTORIZACIÓN DE TECNOLOGÍAS EN SA,5988
2025,MAR,motivo_especifico_2024_2026,FALTA DE OPORTUNIDAD EN LA AUTORIZACIÓN DE TECNOLOGÍAS EN SA,6752
2025,ABR,motivo_especifico_2024_2026,FALTA DE OPORTUNIDAD EN LA AUTORIZACIÓN DE TECNOLOGÍAS EN SA,6443
2025,MAY,motivo_especifico_2024_2026,FALTA DE OPORTUNIDAD EN LA AUTORIZACIÓN DE TECNOLOGÍAS EN SA,6542
2025,JUN,motivo_especifico_2024_2026,FALTA DE OPORTUNIDAD EN LA AUTORIZACIÓN DE TECNOLOGÍAS EN SA,5713
2025,JUL,motivo_especifico_2024_2026,FALTA DE OPORTUNIDAD EN LA AUTORIZACIÓN DE TECNOLOGÍAS EN SA,7484
2025,AGO,motivo_especifico_2024_2026,FALTA DE OPORTUNIDAD EN LA AUTORIZACIÓN DE TECNOLOGÍAS EN SA,6289
2025,SEP,motivo_especifico_2024_2026,FALTA DE OPORTUNIDAD EN LA AUTORIZACIÓN DE TECNOLOGÍAS EN SA,8060
2025,OCT,motivo_especifico_2024_2026,FALTA DE OPORTUNIDAD EN LA AUTORIZACIÓN DE TECNOLOGÍAS EN SA,7672
2025,ENE,motivo_especifico_2024_2026,FALTA DE OPORTUNIDAD EN LA AUTORIZACIÓN DE CITAS DE CONSULTA,4357
2025,FEB,motivo_especifico_2024_2026,FALTA DE OPORTUNIDAD EN LA AUTORIZACIÓN DE CITAS DE CONSULTA,4591
2025,MAR,motivo_especifico_2024_2026,FALTA DE OPORTUNIDAD EN LA AUTORIZACIÓN DE CITAS DE CONSULTA,5039
2025,ABR,motivo_especifico_2024_2026,FALTA DE OPORTUNIDAD EN LA AUTORIZACIÓN DE CITAS DE CONSULTA,4790
2025,MAY,motivo_especifico_2024_2026,FALTA DE OPORTUNIDAD EN LA AUTORIZACIÓN DE CITAS DE CONSULTA,5214
2025,JUN,motivo_especifico_2024_2026,FALTA DE OPORTUNIDAD EN LA AUTORIZACIÓN DE CITAS DE CONSULTA,4928
2025,JUL,motivo_especifico_2024_2026,FALTA DE OPORTUNIDAD EN LA AUTORIZACIÓN DE CITAS DE CONSULTA,6524
2025,AGO,motivo_especifico_2024_2026,FALTA DE OPORTUNIDAD EN LA AUTORIZACIÓN DE CITAS DE CONSULTA,5704
2025,SEP,motivo_especifico_2024_2026,FALTA DE OPORTUNIDAD EN LA AUTORIZACIÓN DE CITAS DE CONSULTA,7317
2025,OCT,motivo_especifico_2024_2026,FALTA DE OPORTUNIDAD EN LA AUTORIZACIÓN DE CITAS DE CONSULTA,7006
2025,ENE,motivo_especifico_2024_2026,FALTA DE OPORTUNIDAD EN EL PROCESO DE REFERENCIA Y CONTRARRE,3487
2025,FEB,motivo_especifico_2024_2026,FALTA DE OPORTUNIDAD EN EL PROCESO DE REFERENCIA Y CONTRARRE,2934
2025,MAR,motivo_especifico_2024_2026,FALTA DE OPORTUNIDAD EN EL PROCESO DE REFERENCIA Y CONTRARRE,3307
2025,ABR,motivo_especifico_2024_2026,FALTA DE OPORTUNIDAD EN EL PROCESO DE REFERENCIA Y CONTRARRE,3604
2025,MAY,motivo_especifico_2024_2026,FALTA DE OPORTUNIDAD EN EL PROCESO DE REFERENCIA Y CONTRARRE,3520
2025,JUN,motivo_especifico_2024_2026,FALTA DE OPORTUNIDAD EN EL PROCESO DE REFERENCIA Y CONTRARRE,3219
2025,JUL,motivo_especifico_2024_2026,FALTA DE OPORTUNIDAD EN EL PROCESO DE REFERENCIA Y CONTRARRE,3922
2025,AGO,motivo_especifico_2024_2026,FALTA DE OPORTUNIDAD EN EL PROCESO DE REFERENCIA Y CONTRARRE,3115
2025,SEP,motivo_especifico_2024_2026,FALTA DE OPORTUNIDAD EN EL PROCESO DE REFERENCIA Y CONTRARRE,4450
2025,OCT,motivo_especifico_2024_2026,FALTA DE OPORTUNIDAD EN EL PROCESO DE REFERENCIA Y CONTRARRE,4523
2025,ENE,otro_vigilado,DIRECCION_SECCIONAL_SALUD_ANTIOQUIA,270
2025,FEB,otro_vigilado,DIRECCION_SECCIONAL_SALUD_ANTIOQUIA,284
2025,MAR,otro_vigilado,DIRECCION_SECCIONAL_SALUD_ANTIOQUIA,312
2025,ABR,otro_vigilado,DIRECCION_SECCIONAL_SALUD_ANTIOQUIA,291
2025,MAY,otro_vigilado,DIRECCION_SECCIONAL_SALUD_ANTIOQUIA,284
2025,JUN,otro_vigilado,DIRECCION_SECCIONAL_SALUD_ANTIOQUIA,215
2025,JUL,otro_vigilado,DIRECCION_SECCIONAL_SALUD_ANTIOQUIA,337
2025,AGO,otro_vigilado,DIRECCION_SECCIONAL_SALUD_ANTIOQUIA,342
2025,SEP,otro_vigilado,DIRECCION_SECCIONAL_SALUD_ANTIOQUIA,439
2025,OCT,otro_vigilado,DIRECCION_SECCIONAL_SALUD_ANTIOQUIA,395
2024,ENE,capital_departamento,MEDELLIN,8855
2024,FEB,capital_departamento,MEDELLIN,9055
2024,MAR,capital_departamento,MEDELLIN,9066
2024,ABR,capital_departamento,MEDELLIN,12642
2024,MAY,capital_departamento,MEDELLIN,11462
2024,JUN,capital_departamento,MEDELLIN,10009
2024,JUL,capital_departamento,MEDELLIN,11816
2024,AGO,capital_departamento,MEDELLIN,11212
2024,SEP,capital_departamento,MEDELLIN,12446
2024,OCT,capital_departamento,MEDELLIN,14117
2024,NOV,capital_departamento,MEDELLIN,11777
2024,ENE,departamento,ANTIOQUIA,18045
2024,FEB,departamento,ANTIOQUIA,18705
2024,MAR,departamento,ANTIOQUIA,18565
2024,ABR,departamento,ANTIOQUIA,25449
2024,MAY,departamento,ANTIOQUIA,23338
2024,JUN,departamento,ANTIOQUIA,20297
2024,JUL,departamento,ANTIOQUIA,24400
2024,AGO,departamento,ANTIOQUIA,23584
2024,SEP,departamento,ANTIOQUIA,25996
2024,OCT,departamento,ANTIOQUIA,29286
2024,NOV,departamento,ANTIOQUIA,24586
2024,ENE,motivo_especifico_2024_2026,NEGACIÓN PARA LA ENTREGA DE TECNOLOGÍAS EN SALUD Y/O DE OTRO,12688
2024,FEB,motivo_especifico_2024_2026,NEGACIÓN PARA LA ENTREGA DE TECNOLOGÍAS EN SALUD Y/O DE OTRO,13859
2024,MAR,motivo_especifico_2024_2026,NEGACIÓN PARA LA ENTREGA DE TECNOLOGÍAS EN SALUD Y/O DE OTRO,14927
2024,ABR,motivo_especifico_2024_2026,NEGACIÓN PARA LA ENTREGA DE TECNOLOGÍAS EN SALUD Y/O DE OTRO,19179
2024,MAY,motivo_especifico_2024_2026,NEGACIÓN PARA LA ENTREGA DE TECNOLOGÍAS EN SALUD Y/O DE OTRO,16571
2024,JUN,motivo_especifico_2024_2026,NEGACIÓN PARA LA ENTREGA DE TECNOLOGÍAS EN SALUD Y/O DE OTRO,14099
2024,JUL,motivo_especifico_2024_2026,NEGACIÓN PARA LA ENTREGA DE TECNOLOGÍAS EN SALUD Y/O DE OTRO,14642
2024,AGO,motivo_especifico_2024_2026,NEGACIÓN PARA LA ENTREGA DE TECNOLOGÍAS EN SALUD Y/O DE OTRO,15528
2024,SEP,motivo_especifico_2024_2026,NEGACIÓN PARA LA ENTREGA DE TECNOLOGÍAS EN SALUD Y/O DE OTRO,21442
2024,OCT,motivo_especifico_2024_2026,NEGACIÓN PARA LA ENTREGA DE TECNOLOGÍAS EN SALUD Y/O DE OTRO,25177
2024,NOV,motivo_especifico_2024_2026,NEGACIÓN PARA LA ENTREGA DE TECNOLOGÍAS EN SALUD Y/O DE OTRO,25634
2024,ENE,motivo_especifico_2024_2026,NEGACIÓN EN LA ASIGNACIÓN DE CITAS O CONSULTAS,23770
2024,FEB,motivo_especifico_2024_2026,NEGACIÓN EN LA ASIGNACIÓN DE CITAS O CONSULTAS,26050
2024,MAR,motivo_especifico_2024_2026,NEGACIÓN EN LA ASIGNACIÓN DE CITAS O CONSULTAS,23443
2024,ABR,motivo_especifico_2024_2026,NEGACIÓN EN LA ASIGNACIÓN DE CITAS O CONSULTAS,30207
2024,MAY,motivo_especifico_2024_2026,NEGACIÓN EN LA ASIGNACIÓN DE CITAS O CONSULTAS,26073
2024,JUN,motivo_especifico_2024_2026,NEGACIÓN EN LA ASIGNACIÓN DE CITAS O CONSULTAS,22142
2024,JUL,motivo_especifico_2024_2026,NEGACIÓN EN LA ASIGNACIÓN DE CITAS O CONSULTAS,25669
2024,AGO,motivo_especifico_2024_2026,NEGACIÓN EN LA ASIGNACIÓN DE CITAS O CONSULTAS,26233
2024,SEP,motivo_especifico_2024_2026,NEGACIÓN EN LA ASIGNACIÓN DE CITAS O CONSULTAS,27676
2024,OCT,motivo_especifico_2024_2026,NEGACIÓN EN LA ASIGNACIÓN DE CITAS O CONSULTAS,33314
2024,NOV,motivo_especifico_2024_2026,NEGACIÓN EN LA ASIGNACIÓN DE CITAS O CONSULTAS,27639
2024,ENE,motivo_especifico_2024_2026,FALTA DE OPORTUNIDAD EN LAS CITAS O CONSULTAS,14724
2024,FEB,motivo_especifico_2024_2026,FALTA DE OPORTUNIDAD EN LAS CITAS O CONSULTAS,16444
2024,MAR,motivo_especifico_2024_2026,FALTA DE OPORTUNIDAD EN LAS CITAS O CONSULTAS,17480
2024,ABR,motivo_especifico_2024_2026,FALTA DE OPORTUNIDAD EN LAS CITAS O CONSULTAS,23082
2024,MAY,motivo_especifico_2024_2026,FALTA DE OPORTUNIDAD EN LAS CITAS O CONSULTAS,25263
2024,JUN,motivo_especifico_2024_2026,FALTA DE OPORTUNIDAD EN LAS CITAS O CONSULTAS,23359
2024,JUL,motivo_especifico_2024_2026,FALTA DE OPORTUNIDAD EN LAS CITAS O CONSULTAS,27509
2024,AGO,motivo_especifico_2024_2026,FALTA DE OPORTUNIDAD EN LAS CITAS O CONSULTAS,26615
2024,SEP,motivo_especifico_2024_2026,FALTA DE OPORTUNIDAD EN LAS CITAS O CONSULTAS,28233
2024,OCT,motivo_especifico_2024_2026,FALTA DE OPORTUNIDAD EN LAS CITAS O CONSULTAS,31765
2024,NOV,motivo_especifico_2024_2026,FALTA DE OPORTUNIDAD EN LAS CITAS O CONSULTAS,26889
2024,ENE,motivo_especifico_2024_2026,FALTA DE OPORTUNIDAD EN LA ATENCIÓN EN OTROS SERVICIOS DE SA,10038
2024,FEB,motivo_especifico_2024_2026,FALTA DE OPORTUNIDAD EN LA ATENCIÓN EN OTROS SERVICIOS DE SA,11180
2024,MAR,motivo_especifico_2024_2026,FALTA DE OPORTUNIDAD EN LA ATENCIÓN EN OTROS SERVICIOS DE SA,11443
2024,ABR,motivo_especifico_2024_2026,FALTA DE OPORTUNIDAD EN LA ATENCIÓN EN OTROS SERVICIOS DE SA,15481
2024,MAY,motivo_especifico_2024_2026,FALTA DE OPORTUNIDAD EN LA ATENCIÓN EN OTROS SERVICIOS DE SA,16566
2024,JUN,motivo_especifico_2024_2026,FALTA DE OPORTUNIDAD EN LA ATENCIÓN EN OTROS SERVICIOS DE SA,15896
2024,JUL,motivo_especifico_2024_2026,FALTA DE OPORTUNIDAD EN LA ATENCIÓN EN OTROS SERVICIOS DE SA,18509
2024,AGO,motivo_especifico_2024_2026,FALTA DE OPORTUNIDAD EN LA ATENCIÓN EN OTROS SERVICIOS DE SA,17472
2024,SEP,motivo_especifico_2024_2026,FALTA DE OPORTUNIDAD EN LA ATENCIÓN EN OTROS SERVICIOS DE SA,18479
2024,OCT,motivo_especifico_2024_2026,FALTA DE OPORTUNIDAD EN LA ATENCIÓN EN OTROS SERVICIOS DE SA,20867
2024,NOV,motivo_especifico_2024_2026,FALTA DE OPORTUNIDAD EN LA ATENCIÓN EN OTROS SERVICIOS DE SA,17795
2024,ENE,motivo_especifico_2024_2026,FALTA DE OPORTUNIDAD EN LA ENTREGA O ENTREGA INCOMPLETA DE T,6136
2024,FEB,motivo_especifico_2024_2026,FALTA DE OPORTUNIDAD EN LA ENTREGA O ENTREGA INCOMPLETA DE T,6432
2024,MAR,motivo_especifico_2024_2026,FALTA DE OPORTUNIDAD EN LA ENTREGA O ENTREGA INCOMPLETA DE T,7384
2024,ABR,motivo_especifico_2024_2026,FALTA DE OPORTUNIDAD EN LA ENTREGA O ENTREGA INCOMPLETA DE T,8527
2024,MAY,motivo_especifico_2024_2026,FALTA DE OPORTUNIDAD EN LA ENTREGA O ENTREGA INCOMPLETA DE T,8792
2024,JUN,motivo_especifico_2024_2026,FALTA DE OPORTUNIDAD EN LA ENTREGA O ENTREGA INCOMPLETA DE T,8932
2024,JUL,motivo_especifico_2024_2026,FALTA DE OPORTUNIDAD EN LA ENTREGA O ENTREGA INCOMPLETA DE T,9581
2024,AGO,motivo_especifico_2024_2026,FALTA DE OPORTUNIDAD EN LA ENTREGA O ENTREGA INCOMPLETA DE T,9687
2024,SEP,motivo_especifico_2024_2026,FALTA DE OPORTUNIDAD EN LA ENTREGA O ENTREGA INCOMPLETA DE T,12906
2024,OCT,motivo_especifico_2024_2026,FALTA DE OPORTUNIDAD EN LA ENTREGA O ENTREGA INCOMPLETA DE T,17753
2024,NOV,motivo_especifico_2024_2026,FALTA DE OPORTUNIDAD EN LA ENTREGA O ENTREGA INCOMPLETA DE T,18860
2024,ENE,motivo_especifico_2024_2026,NEGACIÓN EN LA ATENCIÓN EN OTROS SERVICIOS DE SALUD,10946
2024,FEB,motivo_especifico_2024_2026,NEGACIÓN EN LA ATENCIÓN EN OTROS SERVICIOS DE SALUD,11577
2024,MAR,motivo_especifico_2024_2026,NEGACIÓN EN LA ATENCIÓN EN OTROS SERVICIOS DE SALUD,10233
2024,ABR,motivo_especifico_2024_2026,NEGACIÓN EN LA ATENCIÓN EN OTROS SERVICIOS DE SALUD,12817
2024,MAY,motivo_especifico_2024_2026,NEGACIÓN EN LA ATENCIÓN EN OTROS SERVICIOS DE SALUD,10214
2024,JUN,motivo_especifico_2024_2026,NEGACIÓN EN LA ATENCIÓN EN OTROS SERVICIOS DE SALUD,8078
2024,JUL,motivo_especifico_2024_2026,NEGACIÓN EN LA ATENCIÓN EN OTROS SERVICIOS DE SALUD,8872
2024,AGO,motivo_especifico_2024_2026,NEGACIÓN EN LA ATENCIÓN EN OTROS SERVICIOS DE SALUD,9469
2024,SEP,motivo_especifico_2024_2026,NEGACIÓN EN LA ATENCIÓN EN OTROS SERVICIOS DE SALUD,10279
2024,OCT,motivo_especifico_2024_2026,NEGACIÓN EN LA ATENCIÓN EN OTROS SERVICIOS DE SALUD,12832
2024,NOV,motivo_especifico_2024_2026,NEGACIÓN EN LA ATENCIÓN EN OTROS SERVICIOS DE SALUD,10309
2024,ENE,motivo_especifico_2024_2026,FALTA DE OPORTUNIDAD EN LA AUTORIZACIÓN DE OTROS SERVICIOS D,7746
2024,FEB,motivo_especifico_2024_2026,FALTA DE OPORTUNIDAD EN LA AUTORIZACIÓN DE OTROS SERVICIOS D,8549
2024,MAR,motivo_especifico_2024_2026,FALTA DE OPORTUNIDAD EN LA AUTORIZACIÓN DE OTROS SERVICIOS D,8106
2024,ABR,motivo_especifico_2024_2026,FALTA DE OPORTUNIDAD EN LA AUTORIZACIÓN DE OTROS SERVICIOS D,10942
2024,MAY,motivo_especifico_2024_2026,FALTA DE OPORTUNIDAD EN LA AUTORIZACIÓN DE OTROS SERVICIOS D,10324
2024,JUN,motivo_especifico_2024_2026,FALTA DE OPORTUNIDAD EN LA AUTORIZACIÓN DE OTROS SERVICIOS D,8724
2024,JUL,motivo_especifico_2024_2026,FALTA DE OPORTUNIDAD EN LA AUTORIZACIÓN DE OTROS SERVICIOS D,9704
2024,AGO,motivo_especifico_2024_2026,FALTA DE OPORTUNIDAD EN LA AUTORIZACIÓN DE OTROS SERVICIOS D,8923
2024,SEP,motivo_especifico_2024_2026,FALTA DE OPORTUNIDAD EN LA AUTORIZACIÓN DE OTROS SERVICIOS D,9166
2024,OCT,motivo_especifico_2024_2026,FALTA DE OPORTUNIDAD EN LA AUTORIZACIÓN DE OTROS SERVICIOS D,10190
2024,NOV,motivo_especifico_2024_2026,FALTA DE OPORTUNIDAD EN LA AUTORIZACIÓN DE OTROS SERVICIOS D,9018
2024,ENE,motivo_especifico_2024_2026,FALTA DE OPORTUNIDAD EN LA AUTORIZACIÓN DE TECNOLOGÍAS EN SA,3980
2024,FEB,motivo_especifico_2024_2026,FALTA DE OPORTUNIDAD EN LA AUTORIZACIÓN DE TECNOLOGÍAS EN SA,4296
2024,MAR,motivo_especifico_2024_2026,FALTA DE OPORTUNIDAD EN LA AUTORIZACIÓN DE TECNOLOGÍAS EN SA,4543
2024,ABR,motivo_especifico_2024_2026,FALTA DE OPORTUNIDAD EN LA AUTORIZACIÓN DE TECNOLOGÍAS EN SA,6112
2024,MAY,motivo_especifico_2024_2026,FALTA DE OPORTUNIDAD EN LA AUTORIZACIÓN DE TECNOLOGÍAS EN SA,5710
2024,JUN,motivo_especifico_2024_2026,FALTA DE OPORTUNIDAD EN LA AUTORIZACIÓN DE TECNOLOGÍAS EN SA,5338
2024,JUL,motivo_especifico_2024_2026,FALTA DE OPORTUNIDAD EN LA AUTORIZACIÓN DE TECNOLOGÍAS EN SA,6160
2024,AGO,motivo_especifico_2024_2026,FALTA DE OPORTUNIDAD EN LA AUTORIZACIÓN DE TECNOLOGÍAS EN SA,5473
2024,SEP,motivo_especifico_2024_2026,FALTA DE OPORTUNIDAD EN LA AUTORIZACIÓN DE TECNOLOGÍAS EN SA,5770
2024,OCT,motivo_especifico_2024_2026,FALTA DE OPORTUNIDAD EN LA AUTORIZACIÓN DE TECNOLOGÍAS EN SA,6423
2024,NOV,motivo_especifico_2024_2026,FALTA DE OPORTUNIDAD EN LA AUTORIZACIÓN DE TECNOLOGÍAS EN SA,5991
2024,ENE,motivo_especifico_2024_2026,FALTA DE OPORTUNIDAD EN LA AUTORIZACIÓN DE CITAS DE CONSULTA,4175
2024,FEB,motivo_especifico_2024_2026,FALTA DE OPORTUNIDAD EN LA AUTORIZACIÓN DE CITAS DE CONSULTA,4784
2024,MAR,motivo_especifico_2024_2026,FALTA DE OPORTUNIDAD EN LA AUTORIZACIÓN DE CITAS DE CONSULTA,4366
2024,ABR,motivo_especifico_2024_2026,FALTA DE OPORTUNIDAD EN LA AUTORIZACIÓN DE CITAS DE CONSULTA,5834
2024,MAY,motivo_especifico_2024_2026,FALTA DE OPORTUNIDAD EN LA AUTORIZACIÓN DE CITAS DE CONSULTA,5547
2024,JUN,motivo_especifico_2024_2026,FALTA DE OPORTUNIDAD EN LA AUTORIZACIÓN DE CITAS DE CONSULTA,4694
2024,JUL,motivo_especifico_2024_2026,FALTA DE OPORTUNIDAD EN LA AUTORIZACIÓN DE CITAS DE CONSULTA,5230
2024,AGO,motivo_especifico_2024_2026,FALTA DE OPORTUNIDAD EN LA AUTORIZACIÓN DE CITAS DE CONSULTA,4799
2024,SEP,motivo_especifico_2024_2026,FALTA DE OPORTUNIDAD EN LA AUTORIZACIÓN DE CITAS DE CONSULTA,4848
2024,OCT,motivo_especifico_2024_2026,FALTA DE OPORTUNIDAD EN LA AUTORIZACIÓN DE CITAS DE CONSULTA,5244
2024,NOV,motivo_especifico_2024_2026,FALTA DE OPORTUNIDAD EN LA AUTORIZACIÓN DE CITAS DE CONSULTA,4523
2024,ENE,motivo_especifico_2024_2026,FALTA DE OPORTUNIDAD EN EL PROCESO DE REFERENCIA Y CONTRARRE,2187
2024,FEB,motivo_especifico_2024_2026,FALTA DE OPORTUNIDAD EN EL PROCESO DE REFERENCIA Y CONTRARRE,2063
2024,MAR,motivo_especifico_2024_2026,FALTA DE OPORTUNIDAD EN EL PROCESO DE REFERENCIA Y CONTRARRE,2351
2024,ABR,motivo_especifico_2024_2026,FALTA DE OPORTUNIDAD EN EL PROCESO DE REFERENCIA Y CONTRARRE,3070
2024,MAY,motivo_especifico_2024_2026,FALTA DE OPORTUNIDAD EN EL PROCESO DE REFERENCIA Y CONTRARRE,3274
2024,JUN,motivo_especifico_2024_2026,FALTA DE OPORTUNIDAD EN EL PROCESO DE REFERENCIA Y CONTRARRE,2967
2024,JUL,motivo_especifico_2024_2026,FALTA DE OPORTUNIDAD EN EL PROCESO DE REFERENCIA Y CONTRARRE,3259
2024,AGO,motivo_especifico_2024_2026,FALTA DE OPORTUNIDAD EN EL PROCESO DE REFERENCIA Y CONTRARRE,2882
2024,SEP,motivo_especifico_2024_2026,FALTA DE OPORTUNIDAD EN EL PROCESO DE REFERENCIA Y CONTRARRE,2861
2024,OCT,motivo_especifico_2024_2026,FALTA DE OPORTUNIDAD EN EL PROCESO DE REFERENCIA Y CONTRARRE,2997
2024,NOV,motivo_especifico_2024_2026,FALTA DE OPORTUNIDAD EN EL PROCESO DE REFERENCIA Y CONTRARRE,2707
2024,ENE,otro_vigilado,DIRECCION_SECCIONAL_SALUD_ANTIOQUIA,161
2024,FEB,otro_vigilado,DIRECCION_SECCIONAL_SALUD_ANTIOQUIA,183
2024,MAR,otro_vigilado,DIRECCION_SECCIONAL_SALUD_ANTIOQUIA,155
2024,ABR,otro_vigilado,DIRECCION_SECCIONAL_SALUD_ANTIOQUIA,240
2024,MAY,otro_vigilado,DIRECCION_SECCIONAL_SALUD_ANTIOQUIA,216
2024,JUN,otro_vigilado,DIRECCION_SECCIONAL_SALUD_ANTIOQUIA,201
2024,JUL,otro_vigilado,DIRECCION_SECCIONAL_SALUD_ANTIOQUIA,327
2024,AGO,otro_vigilado,DIRECCION_SECCIONAL_SALUD_ANTIOQUIA,228
2024,SEP,otro_vigilado,DIRECCION_SECCIONAL_SALUD_ANTIOQUIA,234
2024,OCT,otro_vigilado,DIRECCION_SECCIONAL_SALUD_ANTIOQUIA,260
2024,NOV,otro_vigilado,DIRECCION_SECCIONAL_SALUD_ANTIOQUIA,224
