anio,semana,nombreestacion,precipitacion_acumulada
2016,52,APTO OLAYA HERRERA - TX GPRS,0.0
2016,52,PAJARITO - AUT,0.1
2017,1,APTO OLAYA HERRERA - TX GPRS,3.216
2017,1,PAJARITO - AUT,8.5
2017,2,APTO OLAYA HERRERA - TX GPRS,0.439
2017,2,PAJARITO - AUT,0.6000000000000001
2017,3,APTO OLAYA HERRERA - TX GPRS,4.221
2017,3,PAJARITO - AUT,26.5
2017,5,APTO OLAYA HERRERA - TX GPRS,0.795
2017,5,PAJARITO - AUT,0.8
2017,6,APTO OLAYA HERRERA - TX GPRS,1.1929999999999998
2017,6,PAJARITO - AUT,0.7
2017,7,APTO OLAYA HERRERA - TX GPRS,0.051
2017,7,PAJARITO - AUT,10.8
2017,8,APTO OLAYA HERRERA - TX GPRS,95.649
2017,8,PAJARITO - AUT,24.900000000000002
2017,9,APTO OLAYA HERRERA - TX GPRS,21.252
2017,9,PAJARITO - AUT,17.6
2017,10,APTO OLAYA HERRERA - TX GPRS,50.576
2017,10,PAJARITO - AUT,55.800000000000004
2017,11,APTO OLAYA HERRERA - TX GPRS,41.942
2017,11,PAJARITO - AUT,52.8
2017,12,APTO OLAYA HERRERA - TX GPRS,44.398
2017,12,PAJARITO - AUT,60.7
2017,13,APTO OLAYA HERRERA - TX GPRS,95.039
2017,13,PAJARITO - AUT,77.7
2017,14,APTO OLAYA HERRERA - TX GPRS,19.146
2017,14,PAJARITO - AUT,25.8
2017,15,APTO OLAYA HERRERA - TX GPRS,14.75
2017,15,PAJARITO - AUT,13.6
2017,16,APTO OLAYA HERRERA - TX GPRS,14.071
2017,16,PAJARITO - AUT,19.5
2017,17,APTO OLAYA HERRERA - TX GPRS,57.492
2017,17,PAJARITO - AUT,63.300000000000004
2017,18,APTO OLAYA HERRERA - TX GPRS,72.462
2017,18,PAJARITO - AUT,42.9
2017,19,APTO OLAYA HERRERA - TX GPRS,59.597
2017,19,PAJARITO - AUT,39.4
2017,20,APTO OLAYA HERRERA - TX GPRS,108.851
2017,20,PAJARITO - AUT,38.4
2017,21,APTO OLAYA HERRERA - TX GPRS,3.335
2017,21,PAJARITO - AUT,1.7
2017,22,APTO OLAYA HERRERA - TX GPRS,13.709999999999999
2017,22,PAJARITO - AUT,4.3
2017,23,APTO OLAYA HERRERA - TX GPRS,68.355
2017,23,PAJARITO - AUT,34.7
2017,24,APTO OLAYA HERRERA - TX GPRS,36.922
2017,24,PAJARITO - AUT,36.9
2017,25,APTO OLAYA HERRERA - TX GPRS,35.689
2017,25,PAJARITO - AUT,22.5
2017,26,APTO OLAYA HERRERA - TX GPRS,60.302
2017,26,PAJARITO - AUT,46.1
2017,27,APTO OLAYA HERRERA - TX GPRS,2.7640000000000002
2017,27,PAJARITO - AUT,3.3000000000000003
2017,28,APTO OLAYA HERRERA - TX GPRS,18.069
2017,28,PAJARITO - AUT,0.0
2017,29,APTO OLAYA HERRERA - TX GPRS,22.709
2017,29,PAJARITO - AUT,0.30000000000000004
2017,30,APTO OLAYA HERRERA - TX GPRS,0.225
2017,30,PAJARITO - AUT,0.1
2017,31,APTO OLAYA HERRERA - TX GPRS,17.432
2017,31,PAJARITO - AUT,9.8
2017,32,APTO OLAYA HERRERA - TX GPRS,42.252
2017,32,PAJARITO - AUT,20.0
2017,33,APTO OLAYA HERRERA - TX GPRS,56.728
2017,33,PAJARITO - AUT,24.1
2017,34,APTO OLAYA HERRERA - TX GPRS,15.946
2017,34,PAJARITO - AUT,11.5
2017,35,APTO OLAYA HERRERA - TX GPRS,23.967
2017,35,PAJARITO - AUT,21.8
2017,36,APTO OLAYA HERRERA - TX GPRS,69.382
2017,36,PAJARITO - AUT,69.10000000000001
2017,37,APTO OLAYA HERRERA - TX GPRS,48.744
2017,37,PAJARITO - AUT,60.2
2017,38,APTO OLAYA HERRERA - TX GPRS,54.601
2017,38,PAJARITO - AUT,28.6
2017,39,APTO OLAYA HERRERA - TX GPRS,24.037
2017,39,PAJARITO - AUT,36.7
2017,40,APTO OLAYA HERRERA - TX GPRS,61.411
2017,40,PAJARITO - AUT,34.5
2017,41,APTO OLAYA HERRERA - TX GPRS,17.733
2017,41,PAJARITO - AUT,4.9
2017,42,APTO OLAYA HERRERA - TX GPRS,19.988
2017,42,PAJARITO - AUT,16.4
2017,43,APTO OLAYA HERRERA - TX GPRS,24.742
2017,43,PAJARITO - AUT,18.1
2017,44,APTO OLAYA HERRERA - TX GPRS,23.264
2017,44,PAJARITO - AUT,28.5
2017,45,APTO OLAYA HERRERA - TX GPRS,6.087
2017,45,PAJARITO - AUT,2.8000000000000003
2017,46,APTO OLAYA HERRERA - TX GPRS,37.486
2017,46,PAJARITO - AUT,67.0
2017,47,APTO OLAYA HERRERA - TX GPRS,28.977
2017,47,PAJARITO - AUT,21.4
2017,48,APTO OLAYA HERRERA - TX GPRS,18.453
2017,48,PAJARITO - AUT,13.4
2017,49,APTO OLAYA HERRERA - TX GPRS,63.431
2017,49,PAJARITO - AUT,54.2
2017,50,APTO OLAYA HERRERA - TX GPRS,11.987
2017,50,PAJARITO - AUT,7.6000000000000005
2017,51,APTO OLAYA HERRERA - TX GPRS,0.0
2017,51,PAJARITO - AUT,0.0
2017,52,APTO OLAYA HERRERA - TX GPRS,19.218
2017,52,PAJARITO - AUT,26.6
2018,1,APTO OLAYA HERRERA - TX GPRS,46.342
2018,1,PAJARITO - AUT,56.6
2018,2,APTO OLAYA HERRERA - TX GPRS,74.744
2018,2,PAJARITO - AUT,45.1
2018,3,APTO OLAYA HERRERA - TX GPRS,22.698
2018,3,PAJARITO - AUT,16.6
2018,4,APTO OLAYA HERRERA - TX GPRS,3.0540000000000003
2018,4,PAJARITO - AUT,0.5
2018,5,APTO OLAYA HERRERA - TX GPRS,34.619
2018,5,PAJARITO - AUT,20.400000000000002
2018,6,APTO OLAYA HERRERA - TX GPRS,0.10200000000000001
2018,6,PAJARITO - AUT,0.1
2018,7,APTO OLAYA HERRERA - TX GPRS,58.16
2018,8,APTO OLAYA HERRERA - TX GPRS,22.154
2018,9,APTO OLAYA HERRERA - TX GPRS,7.182
2018,10,APTO OLAYA HERRERA - TX GPRS,6.373
2018,10,PAJARITO - AUT,2.2
2018,11,APTO OLAYA HERRERA - TX GPRS,3.859
2018,11,PAJARITO - AUT,8.6
2018,12,APTO OLAYA HERRERA - TX GPRS,56.658
2018,12,PAJARITO - AUT,67.9
2018,13,APTO OLAYA HERRERA - TX GPRS,68.224
2018,13,PAJARITO - AUT,89.3
2018,14,APTO OLAYA HERRERA - TX GPRS,47.749
2018,14,PAJARITO - AUT,28.400000000000002
2018,15,APTO OLAYA HERRERA - TX GPRS,60.314
2018,15,PAJARITO - AUT,79.7
2018,16,APTO OLAYA HERRERA - TX GPRS,20.48
2018,16,PAJARITO - AUT,12.6
2018,17,APTO OLAYA HERRERA - TX GPRS,48.244
2018,17,PAJARITO - AUT,62.7
2018,18,APTO OLAYA HERRERA - TX GPRS,54.144
2018,18,PAJARITO - AUT,43.0
2018,19,APTO OLAYA HERRERA - TX GPRS,128.591
2018,19,PAJARITO - AUT,107.3
2018,20,APTO OLAYA HERRERA - TX GPRS,95.391
2018,20,PAJARITO - AUT,79.5
2018,21,APTO OLAYA HERRERA - TX GPRS,32.480000000000004
2018,21,PAJARITO - AUT,58.0
2018,22,APTO OLAYA HERRERA - TX GPRS,70.888
2018,22,PAJARITO - AUT,53.6
2018,23,APTO OLAYA HERRERA - TX GPRS,0.881
2018,23,PAJARITO - AUT,1.1
2018,24,APTO OLAYA HERRERA - TX GPRS,18.581
2018,24,PAJARITO - AUT,22.4
2018,25,APTO OLAYA HERRERA - TX GPRS,30.938
2018,25,PAJARITO - AUT,35.0
2018,26,APTO OLAYA HERRERA - TX GPRS,18.329
2018,26,PAJARITO - AUT,16.7
2018,27,APTO OLAYA HERRERA - TX GPRS,24.37
2018,27,PAJARITO - AUT,21.5
2018,28,APTO OLAYA HERRERA - TX GPRS,1.033
2018,28,PAJARITO - AUT,1.0
2018,29,APTO OLAYA HERRERA - TX GPRS,4.316
2018,29,PAJARITO - AUT,13.8
2018,30,PAJARITO - AUT,28.7
2018,31,APTO OLAYA HERRERA - TX GPRS,0.0
2018,31,PAJARITO - AUT,34.6
2018,32,APTO OLAYA HERRERA - TX GPRS,0.033
2018,32,PAJARITO - AUT,0.0
2018,33,APTO OLAYA HERRERA - TX GPRS,6.8069999999999995
2018,33,PAJARITO - AUT,31.4
2018,34,APTO OLAYA HERRERA - TX GPRS,3.511
2018,34,PAJARITO - AUT,5.7
2018,35,APTO OLAYA HERRERA - TX GPRS,12.66
2018,35,PAJARITO - AUT,15.4
2018,36,APTO OLAYA HERRERA - TX GPRS,91.108
2018,36,PAJARITO - AUT,76.1
2018,37,APTO OLAYA HERRERA - TX GPRS,52.413
2018,37,PAJARITO - AUT,48.9
2018,38,APTO OLAYA HERRERA - TX GPRS,24.209
2018,38,PAJARITO - AUT,19.3
2018,39,APTO OLAYA HERRERA - TX GPRS,69.932
2018,39,PAJARITO - AUT,62.1
2018,40,APTO OLAYA HERRERA - TX GPRS,154.917
2018,40,PAJARITO - AUT,89.5
2018,41,APTO OLAYA HERRERA - TX GPRS,49.441
2018,41,PAJARITO - AUT,32.2
2018,42,APTO OLAYA HERRERA - TX GPRS,64.157
2018,42,PAJARITO - AUT,43.6
2018,43,APTO OLAYA HERRERA - TX GPRS,17.753
2018,43,PAJARITO - AUT,26.400000000000002
2018,44,APTO OLAYA HERRERA - TX GPRS,58.476
2018,44,PAJARITO - AUT,63.1
2018,45,APTO OLAYA HERRERA - TX GPRS,18.217
2018,45,PAJARITO - AUT,18.6
2018,46,APTO OLAYA HERRERA - TX GPRS,32.436
2018,46,PAJARITO - AUT,11.1
2018,47,APTO OLAYA HERRERA - TX GPRS,64.283
2018,47,PAJARITO - AUT,164.6
2018,48,APTO OLAYA HERRERA - TX GPRS,21.601
2018,48,PAJARITO - AUT,17.3
2018,49,APTO OLAYA HERRERA - TX GPRS,4.267
2018,49,PAJARITO - AUT,7.5
2018,50,APTO OLAYA HERRERA - TX GPRS,3.922
2018,50,PAJARITO - AUT,2.5
2018,51,APTO OLAYA HERRERA - TX GPRS,0.301
2018,51,PAJARITO - AUT,4.9
2018,52,APTO OLAYA HERRERA - TX GPRS,0.0
2018,52,PAJARITO - AUT,0.0
2019,1,APTO OLAYA HERRERA - TX GPRS,43.816
2019,1,PAJARITO - AUT,4.8
2019,2,APTO OLAYA HERRERA - TX GPRS,14.163
2019,2,PAJARITO - AUT,30.0
2019,3,APTO OLAYA HERRERA - TX GPRS,13.139
2019,3,PAJARITO - AUT,3.4000000000000004
2019,4,APTO OLAYA HERRERA - TX GPRS,0.776
2019,4,PAJARITO - AUT,0.1
2019,5,APTO OLAYA HERRERA - TX GPRS,12.878
2019,5,PAJARITO - AUT,7.1
2019,6,APTO OLAYA HERRERA - TX GPRS,0.432
2019,6,PAJARITO - AUT,0.30000000000000004
2019,7,APTO OLAYA HERRERA - TX GPRS,1.323
2019,7,PAJARITO - AUT,1.5
2019,8,APTO OLAYA HERRERA - TX GPRS,35.543
2019,8,PAJARITO - AUT,70.2
2019,9,APTO OLAYA HERRERA - TX GPRS,65.81099999999999
2019,9,PAJARITO - AUT,55.6
2019,10,APTO OLAYA HERRERA - TX GPRS,0.005
2019,10,PAJARITO - AUT,25.1
2019,11,PAJARITO - AUT,14.3
2019,12,PAJARITO - AUT,68.6
2019,13,PAJARITO - AUT,65.8
2019,14,PAJARITO - AUT,81.5
2019,15,PAJARITO - AUT,45.8
2019,16,PAJARITO - AUT,30.400000000000002
2019,17,PAJARITO - AUT,35.1
2019,18,PAJARITO - AUT,0.0
2019,19,PAJARITO - AUT,38.6
2019,20,PAJARITO - AUT,73.3
2019,21,PAJARITO - AUT,64.3
2019,22,PAJARITO - AUT,62.1
2019,23,PAJARITO - AUT,37.8
2019,24,PAJARITO - AUT,18.4
2019,25,PAJARITO - AUT,0.1
2019,26,PAJARITO - AUT,3.2
2019,27,PAJARITO - AUT,38.1
2019,28,PAJARITO - AUT,29.8
2019,29,PAJARITO - AUT,10.1
2019,30,PAJARITO - AUT,21.400000000000002
2019,31,PAJARITO - AUT,8.8
2019,32,PAJARITO - AUT,0.0
2019,33,PAJARITO - AUT,6.1
2019,34,APTO OLAYA HERRERA - TX GPRS,1.874
2019,34,PAJARITO - AUT,0.0
2019,35,APTO OLAYA HERRERA - TX GPRS,2.334
2019,35,PAJARITO - AUT,1.5
2019,36,APTO OLAYA HERRERA - TX GPRS,28.272000000000002
2019,36,PAJARITO - AUT,22.8
2019,37,APTO OLAYA HERRERA - TX GPRS,44.928000000000004
2019,37,PAJARITO - AUT,48.3
2019,38,APTO OLAYA HERRERA - TX GPRS,31.012
2019,38,PAJARITO - AUT,41.4
2019,39,APTO OLAYA HERRERA - TX GPRS,50.849
2019,39,PAJARITO - AUT,33.6
2019,40,APTO OLAYA HERRERA - TX GPRS,37.479
2019,40,PAJARITO - AUT,26.6
2019,41,APTO OLAYA HERRERA - TX GPRS,14.458
2019,41,PAJARITO - AUT,18.7
2019,42,APTO OLAYA HERRERA - TX GPRS,35.237
2019,42,PAJARITO - AUT,42.1
2019,43,APTO OLAYA HERRERA - TX GPRS,61.455999999999996
2019,43,PAJARITO - AUT,62.4
2019,44,APTO OLAYA HERRERA - TX GPRS,57.106
2019,44,PAJARITO - AUT,42.5
2019,45,APTO OLAYA HERRERA - TX GPRS,37.994
2019,45,PAJARITO - AUT,52.4
2019,46,APTO OLAYA HERRERA - TX GPRS,31.971
2019,46,PAJARITO - AUT,55.0
2019,47,APTO OLAYA HERRERA - TX GPRS,77.55199999999999
2019,47,PAJARITO - AUT,102.1
2019,48,APTO OLAYA HERRERA - TX GPRS,11.671
2019,48,PAJARITO - AUT,4.3
2019,49,APTO OLAYA HERRERA - TX GPRS,1.891
2019,49,PAJARITO - AUT,17.8
2019,50,APTO OLAYA HERRERA - TX GPRS,39.913000000000004
2019,50,PAJARITO - AUT,25.7
2019,51,APTO OLAYA HERRERA - TX GPRS,4.777
2019,51,PAJARITO - AUT,14.799999999999999
2019,52,APTO OLAYA HERRERA - TX GPRS,9.3
2019,52,PAJARITO - AUT,34.9
2020,1,APTO OLAYA HERRERA - TX GPRS,16.862
2020,1,PAJARITO - AUT,13.5
2020,2,APTO OLAYA HERRERA - TX GPRS,0.0
2020,2,PAJARITO - AUT,0.0
2020,3,APTO OLAYA HERRERA - TX GPRS,0.0
2020,3,PAJARITO - AUT,0.0
2020,4,APTO OLAYA HERRERA - TX GPRS,53.01
2020,4,PAJARITO - AUT,21.8
2020,5,APTO OLAYA HERRERA - TX GPRS,5.937
2020,5,PAJARITO - AUT,24.8
2020,6,APTO OLAYA HERRERA - TX GPRS,3.067
2020,6,PAJARITO - AUT,0.0
2020,7,APTO OLAYA HERRERA - TX GPRS,1.919
2020,7,PAJARITO - AUT,9.8
2020,8,APTO OLAYA HERRERA - TX GPRS,47.228
2020,8,PAJARITO - AUT,19.7
2020,9,APTO OLAYA HERRERA - TX GPRS,4.545
2020,9,PAJARITO - AUT,1.5
2020,10,APTO OLAYA HERRERA - TX GPRS,1.417
2020,10,PAJARITO - AUT,1.3
2020,11,APTO OLAYA HERRERA - TX GPRS,28.256
2020,11,PAJARITO - AUT,30.1
2020,12,APTO OLAYA HERRERA - TX GPRS,6.702
2020,12,PAJARITO - AUT,17.4
2020,13,APTO OLAYA HERRERA - TX GPRS,14.056999999999999
2020,13,PAJARITO - AUT,0.5
2020,14,APTO OLAYA HERRERA - TX GPRS,17.193
2020,15,APTO OLAYA HERRERA - TX GPRS,16.224
2020,16,APTO OLAYA HERRERA - TX GPRS,28.7
2020,17,APTO OLAYA HERRERA - TX GPRS,5.307
2020,18,APTO OLAYA HERRERA - TX GPRS,1.909
2020,19,APTO OLAYA HERRERA - TX GPRS,3.148
2020,20,APTO OLAYA HERRERA - TX GPRS,3.5349999999999997
2020,21,APTO OLAYA HERRERA - TX GPRS,15.329
2020,22,APTO OLAYA HERRERA - TX GPRS,29.251
2020,23,APTO OLAYA HERRERA - TX GPRS,4.182
2020,24,APTO OLAYA HERRERA - TX GPRS,0.728
2020,25,APTO OLAYA HERRERA - TX GPRS,2.254
2020,26,APTO OLAYA HERRERA - TX GPRS,1.069
2020,27,APTO OLAYA HERRERA - TX GPRS,1.3760000000000001
2020,28,APTO OLAYA HERRERA - TX GPRS,2.173
2020,29,APTO OLAYA HERRERA - TX GPRS,1.334
2020,30,APTO OLAYA HERRERA - TX GPRS,2.478
2020,31,APTO OLAYA HERRERA - TX GPRS,4.338
2020,32,APTO OLAYA HERRERA - TX GPRS,0.44100000000000006
2020,33,APTO OLAYA HERRERA - TX GPRS,11.477
2020,34,APTO OLAYA HERRERA - TX GPRS,0.427
2020,35,APTO OLAYA HERRERA - TX GPRS,0.157
2020,36,APTO OLAYA HERRERA - TX GPRS,4.556
2020,37,APTO OLAYA HERRERA - TX GPRS,7.606
2020,38,APTO OLAYA HERRERA - TX GPRS,0.778
2020,39,APTO OLAYA HERRERA - TX GPRS,0.004
2020,40,APTO OLAYA HERRERA - TX GPRS,1.507
2020,41,APTO OLAYA HERRERA - TX GPRS,0.004
2020,42,APTO OLAYA HERRERA - TX GPRS,6.502
2020,43,APTO OLAYA HERRERA - TX GPRS,0.924
2020,44,APTO OLAYA HERRERA - TX GPRS,4.684
2020,45,APTO OLAYA HERRERA - TX GPRS,2.657
2020,46,APTO OLAYA HERRERA - TX GPRS,0.732
2020,47,APTO OLAYA HERRERA - TX GPRS,0.676
2020,48,APTO OLAYA HERRERA - TX GPRS,0.17500000000000002
2020,49,APTO OLAYA HERRERA - TX GPRS,0.168
2020,50,APTO OLAYA HERRERA - TX GPRS,0.10400000000000001
2020,51,APTO OLAYA HERRERA - TX GPRS,6.224
2020,52,APTO OLAYA HERRERA - TX GPRS,41.654
2020,53,APTO OLAYA HERRERA - TX GPRS,1.006
2021,1,APTO OLAYA HERRERA - TX GPRS,4.157
2021,2,APTO OLAYA HERRERA - TX GPRS,9.776
2021,3,APTO OLAYA HERRERA - TX GPRS,3.492
2021,4,APTO OLAYA HERRERA - TX GPRS,0.004
2021,5,APTO OLAYA HERRERA - TX GPRS,1.098
2021,6,APTO OLAYA HERRERA - TX GPRS,2.532
2021,7,APTO OLAYA HERRERA - TX GPRS,0.768
2021,8,APTO OLAYA HERRERA - TX GPRS,13.375
2021,9,APTO OLAYA HERRERA - TX GPRS,51.03
2021,10,APTO OLAYA HERRERA - TX GPRS,22.298000000000002
2021,11,APTO OLAYA HERRERA - TX GPRS,121.614
2021,12,APTO OLAYA HERRERA - TX GPRS,53.73
2021,13,APTO OLAYA HERRERA - TX GPRS,14.651
2021,14,APTO OLAYA HERRERA - TX GPRS,13.827
2021,15,APTO OLAYA HERRERA - TX GPRS,9.414
2021,16,APTO OLAYA HERRERA - TX GPRS,0.0
2021,17,APTO OLAYA HERRERA - TX GPRS,0.0
2021,18,APTO OLAYA HERRERA - TX GPRS,0.321
2021,19,APTO OLAYA HERRERA - TX GPRS,13.605
2021,20,APTO OLAYA HERRERA - TX GPRS,11.27
2021,21,APTO OLAYA HERRERA - TX GPRS,40.812
2021,22,APTO OLAYA HERRERA - TX GPRS,44.339
2021,23,APTO OLAYA HERRERA - TX GPRS,63.644999999999996
2021,24,APTO OLAYA HERRERA - TX GPRS,53.314
2021,25,APTO OLAYA HERRERA - TX GPRS,35.75
2021,26,APTO OLAYA HERRERA - TX GPRS,20.0
2021,27,APTO OLAYA HERRERA - TX GPRS,20.381
2021,28,APTO OLAYA HERRERA - TX GPRS,57.513
2021,29,APTO OLAYA HERRERA - TX GPRS,13.932
2021,30,APTO OLAYA HERRERA - TX GPRS,29.423
2021,31,APTO OLAYA HERRERA - TX GPRS,14.463
2021,32,APTO OLAYA HERRERA - TX GPRS,48.203
2021,33,APTO OLAYA HERRERA - TX GPRS,26.892
2021,34,APTO OLAYA HERRERA - TX GPRS,29.291
2021,35,APTO OLAYA HERRERA - TX GPRS,78.581
2021,36,APTO OLAYA HERRERA - TX GPRS,28.044
2021,37,APTO OLAYA HERRERA - TX GPRS,30.613
2021,38,APTO OLAYA HERRERA - TX GPRS,41.942
2021,39,APTO OLAYA HERRERA - TX GPRS,29.588
2021,40,APTO OLAYA HERRERA - TX GPRS,26.694
2021,41,APTO OLAYA HERRERA - TX GPRS,55.467
2021,42,APTO OLAYA HERRERA - TX GPRS,39.122
2021,43,APTO OLAYA HERRERA - TX GPRS,70.393
2021,44,APTO OLAYA HERRERA - TX GPRS,6.029
2021,45,APTO OLAYA HERRERA - TX GPRS,71.947
2021,46,APTO OLAYA HERRERA - TX GPRS,32.828
2021,47,APTO OLAYA HERRERA - TX GPRS,52.711
2021,48,APTO OLAYA HERRERA - TX GPRS,38.38
2021,49,APTO OLAYA HERRERA - TX GPRS,1.032
2021,50,APTO OLAYA HERRERA - TX GPRS,16.234
2021,51,APTO OLAYA HERRERA - TX GPRS,19.529
2021,52,APTO OLAYA HERRERA - TX GPRS,16.294999999999998
2022,1,APTO OLAYA HERRERA - TX GPRS,33.311
2022,2,APTO OLAYA HERRERA - TX GPRS,30.483999999999998
2022,3,APTO OLAYA HERRERA - TX GPRS,0.34199999999999997
2022,4,APTO OLAYA HERRERA - TX GPRS,14.853
2022,5,APTO OLAYA HERRERA - TX GPRS,22.626
2022,6,APTO OLAYA HERRERA - TX GPRS,33.776
2022,7,APTO OLAYA HERRERA - TX GPRS,25.029
2022,8,APTO OLAYA HERRERA - TX GPRS,45.35
2022,9,APTO OLAYA HERRERA - TX GPRS,118.811
2022,10,APTO OLAYA HERRERA - TX GPRS,20.006
2022,11,APTO OLAYA HERRERA - TX GPRS,10.05
2022,12,APTO OLAYA HERRERA - TX GPRS,131.049
2022,13,APTO OLAYA HERRERA - TX GPRS,69.94
2022,14,APTO OLAYA HERRERA - TX GPRS,89.169
2022,15,APTO OLAYA HERRERA - TX GPRS,18.265
2022,16,APTO OLAYA HERRERA - TX GPRS,42.083
2022,17,APTO OLAYA HERRERA - TX GPRS,26.801000000000002
2022,18,APTO OLAYA HERRERA - TX GPRS,56.115
2022,19,APTO OLAYA HERRERA - TX GPRS,35.074
2022,20,APTO OLAYA HERRERA - TX GPRS,82.35
2022,21,APTO OLAYA HERRERA - TX GPRS,22.223
2022,22,APTO OLAYA HERRERA - TX GPRS,79.474
2022,23,APTO OLAYA HERRERA - TX GPRS,60.019
2022,24,APTO OLAYA HERRERA - TX GPRS,72.549
2022,25,APTO OLAYA HERRERA - TX GPRS,47.241
2022,26,APTO OLAYA HERRERA - TX GPRS,59.287
2022,27,APTO OLAYA HERRERA - TX GPRS,4.16
2022,28,APTO OLAYA HERRERA - TX GPRS,27.189
2022,29,APTO OLAYA HERRERA - TX GPRS,16.512999999999998
2022,30,APTO OLAYA HERRERA - TX GPRS,84.499
2022,31,APTO OLAYA HERRERA - TX GPRS,85.81
2022,32,APTO OLAYA HERRERA - TX GPRS,24.735
2022,33,APTO OLAYA HERRERA - TX GPRS,37.625
2022,34,APTO OLAYA HERRERA - TX GPRS,20.379
2022,35,APTO OLAYA HERRERA - TX GPRS,46.082
2022,36,APTO OLAYA HERRERA - TX GPRS,12.868
2022,37,APTO OLAYA HERRERA - TX GPRS,49.145
2022,38,APTO OLAYA HERRERA - TX GPRS,24.929
2022,39,APTO OLAYA HERRERA - TX GPRS,19.575
2022,40,APTO OLAYA HERRERA - TX GPRS,47.7
2022,41,APTO OLAYA HERRERA - TX GPRS,6.9959999999999996
2022,42,APTO OLAYA HERRERA - TX GPRS,57.027
2022,43,APTO OLAYA HERRERA - TX GPRS,61.111
2022,44,APTO OLAYA HERRERA - TX GPRS,21.575
2022,48,APTO OLAYA HERRERA - TX GPRS,0.46499999999999997
2022,49,APTO OLAYA HERRERA - TX GPRS,0.0
2022,50,APTO OLAYA HERRERA - TX GPRS,0.223
2022,51,APTO OLAYA HERRERA - TX GPRS,1.332
2022,52,APTO OLAYA HERRERA - TX GPRS,15.423
2023,1,APTO OLAYA HERRERA - TX GPRS,70.404
2023,2,APTO OLAYA HERRERA - TX GPRS,74.947
2023,3,APTO OLAYA HERRERA - TX GPRS,38.886
2023,4,APTO OLAYA HERRERA - TX GPRS,0.044
2023,5,APTO OLAYA HERRERA - TX GPRS,16.929
2023,6,APTO OLAYA HERRERA - TX GPRS,2.386
2023,7,APTO OLAYA HERRERA - TX GPRS,8.618
2023,8,APTO OLAYA HERRERA - TX GPRS,8.324
2023,9,APTO OLAYA HERRERA - TX GPRS,9.023
2023,10,APTO OLAYA HERRERA - TX GPRS,85.636
2023,11,APTO OLAYA HERRERA - TX GPRS,29.754
2023,12,APTO OLAYA HERRERA - TX GPRS,1.081
2023,13,APTO OLAYA HERRERA - TX GPRS,0.261
2023,14,APTO OLAYA HERRERA - TX GPRS,4.938
2023,15,APTO OLAYA HERRERA - TX GPRS,43.283
2023,16,APTO OLAYA HERRERA - TX GPRS,27.216
2023,17,APTO OLAYA HERRERA - TX GPRS,37.018
2023,18,APTO OLAYA HERRERA - TX GPRS,0.0
2023,19,APTO OLAYA HERRERA - TX GPRS,1.691
2023,20,APTO OLAYA HERRERA - TX GPRS,15.39
2023,21,APTO OLAYA HERRERA - TX GPRS,45.88
2023,22,APTO OLAYA HERRERA - TX GPRS,22.333
2023,23,APTO OLAYA HERRERA - TX GPRS,0.094
2024,11,OLAYA HERRERA,11.2
2024,12,OLAYA HERRERA,7.6000000000000005
2024,13,OLAYA HERRERA,33.2
2024,14,OLAYA HERRERA,79.2
2024,15,OLAYA HERRERA,0.0
2024,16,OLAYA HERRERA,69.2
2024,17,OLAYA HERRERA,38.0
2024,18,OLAYA HERRERA,140.8
2024,19,OLAYA HERRERA,162.0
2024,20,OLAYA HERRERA,153.6
2024,21,OLAYA HERRERA,177.6
2024,22,OLAYA HERRERA,86.4
2024,23,OLAYA HERRERA,181.6
2024,24,AEROPUERTO OLAYA HERRERA,0.0
2024,24,OLAYA HERRERA,28.8
2024,25,AEROPUERTO OLAYA HERRERA,60.0
2024,26,AEROPUERTO OLAYA HERRERA,156.4
2024,27,AEROPUERTO OLAYA HERRERA,60.0
2024,28,AEROPUERTO OLAYA HERRERA,8.8
2024,29,AEROPUERTO OLAYA HERRERA,0.8
2024,30,AEROPUERTO OLAYA HERRERA,31.200000000000003
2024,31,AEROPUERTO OLAYA HERRERA,22.8
2024,32,AEROPUERTO OLAYA HERRERA,126.0
2024,33,AEROPUERTO OLAYA HERRERA,26.400000000000002
2024,34,AEROPUERTO OLAYA HERRERA,40.0
2024,35,AEROPUERTO OLAYA HERRERA,93.2
2024,36,AEROPUERTO OLAYA HERRERA,39.2
2024,37,AEROPUERTO OLAYA HERRERA,8.0
2024,38,AEROPUERTO OLAYA HERRERA,57.2
2024,39,AEROPUERTO OLAYA HERRERA,34.800000000000004
2024,40,AEROPUERTO OLAYA HERRERA,30.400000000000002
2024,41,AEROPUERTO OLAYA HERRERA,75.2
2024,42,AEROPUERTO OLAYA HERRERA,76.8
2024,43,AEROPUERTO OLAYA HERRERA,27.200000000000003
2024,44,AEROPUERTO OLAYA HERRERA,28.0
2024,44,SANTA ELENA,45.2
2024,45,AEROPUERTO OLAYA HERRERA,96.0
2024,45,SANTA ELENA,169.4
2024,46,AEROPUERTO OLAYA HERRERA,240.8
2024,46,SANTA ELENA,74.4
2024,47,AEROPUERTO OLAYA HERRERA,157.0
2024,47,SANTA ELENA,179.0
2024,48,AEROPUERTO OLAYA HERRERA,73.8
2024,48,SANTA ELENA,29.400000000000002
2024,49,AEROPUERTO OLAYA HERRERA,247.0
2024,49,SANTA ELENA,4.4
2024,50,AEROPUERTO OLAYA HERRERA,224.0
2024,50,SANTA ELENA,35.2
2024,51,AEROPUERTO OLAYA HERRERA,98.6
2024,51,SANTA ELENA,4.4
2024,52,AEROPUERTO OLAYA HERRERA,107.60000000000001
2024,52,SANTA ELENA,120.0
2025,1,AEROPUERTO OLAYA HERRERA,30.6
2025,1,SANTA ELENA,50.4
