anio,semana,nombreestacion,temperatura_promedio
2005,24,PAJARITO - AUT,22.8
2005,24,VILLANUEVA,15.61111111111111
2005,36,PAJARITO - AUT,23.724675324675324
2005,37,PAJARITO - AUT,23.64788732394366
2005,38,PAJARITO - AUT,21.28385093167702
2005,39,PAJARITO - AUT,20.400671140939597
2005,40,PAJARITO - AUT,20.523125
2005,41,PAJARITO - AUT,20.64251497005988
2005,42,PAJARITO - AUT,20.748507462686568
2005,48,PAJARITO - AUT,21.794186046511626
2005,49,PAJARITO - AUT,21.262758620689656
2005,50,PAJARITO - AUT,21.3111801242236
2005,51,PAJARITO - AUT,20.243708609271525
2005,52,PAJARITO - AUT,21.0525641025641
2006,1,PAJARITO - AUT,19.778787878787877
2006,2,PAJARITO - AUT,21.226347305389222
2006,3,PAJARITO - AUT,21.526993865030676
2006,4,PAJARITO - AUT,22.362874251497004
2006,5,PAJARITO - AUT,21.134999999999998
2006,6,PAJARITO - AUT,20.279999999999998
2006,7,PAJARITO - AUT,22.491666666666664
2006,8,PAJARITO - AUT,22.616463414634147
2006,9,PAJARITO - AUT,22.527380952380952
2006,10,PAJARITO - AUT,20.562048192771087
2006,11,PAJARITO - AUT,21.405952380952378
2006,12,PAJARITO - AUT,20.70722891566265
2006,13,PAJARITO - AUT,22.133333333333333
2006,14,PAJARITO - AUT,20.736904761904764
2006,15,PAJARITO - AUT,20.49520958083832
2006,16,PAJARITO - AUT,22.3920245398773
2006,16,VILLANUEVA,19.818627450980394
2006,17,PAJARITO - AUT,21.149404761904762
2006,17,VILLANUEVA,18.147560975609753
2006,18,PAJARITO - AUT,20.397590361445783
2006,18,VILLANUEVA,17.817682926829267
2006,19,PAJARITO - AUT,21.080239520958084
2006,19,VILLANUEVA,18.46595744680851
2006,20,PAJARITO - AUT,21.45843373493976
2006,20,VILLANUEVA,18.396835443037972
2006,21,PAJARITO - AUT,23.039759036144577
2006,21,VILLANUEVA,19.667701863354036
2006,22,PAJARITO - AUT,21.050602409638554
2006,22,VILLANUEVA,18.155089820359283
2006,23,PAJARITO - AUT,20.065060240963856
2006,23,VILLANUEVA,17.25925925925926
2006,24,PAJARITO - AUT,21.702380952380953
2006,24,VILLANUEVA,18.471686746987952
2006,25,PAJARITO - AUT,22.255357142857143
2006,25,VILLANUEVA,18.958024691358023
2006,26,PAJARITO - AUT,23.627611940298507
2006,26,VILLANUEVA,20.772151898734176
2006,27,PAJARITO - AUT,23.767721518987344
2006,27,VILLANUEVA,20.363576158940397
2006,28,PAJARITO - AUT,23.356923076923078
2006,28,VILLANUEVA,19.642857142857142
2006,29,PAJARITO - AUT,22.741129032258065
2006,29,VILLANUEVA,18.91698113207547
2006,30,PAJARITO - AUT,21.271212121212123
2006,30,VILLANUEVA,17.563157894736843
2006,31,PAJARITO - AUT,23.42634730538922
2006,31,VILLANUEVA,20.22193548387097
2006,32,PAJARITO - AUT,23.14702380952381
2006,32,VILLANUEVA,20.07051282051282
2006,33,PAJARITO - AUT,22.06848484848485
2006,33,VILLANUEVA,18.92654320987654
2006,34,PAJARITO - AUT,21.2437125748503
2006,34,VILLANUEVA,18.035151515151515
2006,35,PAJARITO - AUT,22.41572327044025
2006,35,VILLANUEVA,19.193125000000002
2006,36,PAJARITO - AUT,21.597619047619048
2006,36,VILLANUEVA,18.374850299401196
2006,37,PAJARITO - AUT,22.070658682634733
2006,37,VILLANUEVA,18.647305389221557
2006,38,PAJARITO - AUT,21.985365853658536
2006,38,VILLANUEVA,18.764634146341464
2006,39,PAJARITO - AUT,23.3
2006,39,VILLANUEVA,19.86181818181818
2006,40,PAJARITO - AUT,22.98909090909091
2006,40,VILLANUEVA,19.915151515151514
2006,41,PAJARITO - AUT,20.980536912751678
2006,41,VILLANUEVA,18.03851351351351
2006,42,PAJARITO - AUT,20.56909090909091
2006,42,VILLANUEVA,17.34723926380368
2006,43,PAJARITO - AUT,21.52962962962963
2006,43,VILLANUEVA,18.431851851851853
2006,44,PAJARITO - AUT,21.61830065359477
2006,44,VILLANUEVA,18.287581699346404
2006,45,PAJARITO - AUT,20.834545454545452
2006,45,VILLANUEVA,18.080239520958084
2006,46,PAJARITO - AUT,19.502521008403363
2006,46,VILLANUEVA,16.600806451612904
2006,47,PAJARITO - AUT,20.319791666666667
2006,47,VILLANUEVA,17.510752688172044
2006,48,PAJARITO - AUT,21.66027397260274
2006,48,VILLANUEVA,18.866242038216562
2006,49,PAJARITO - AUT,21.566086956521737
2006,49,VILLANUEVA,18.529565217391305
2006,50,PAJARITO - AUT,21.2531914893617
2006,50,VILLANUEVA,18.000689655172412
2006,51,PAJARITO - AUT,21.356875
2006,51,VILLANUEVA,18.384905660377356
2006,52,PAJARITO - AUT,21.79047619047619
2006,52,VILLANUEVA,18.64131736526946
2007,1,PAJARITO - AUT,22.234146341463415
2007,1,VILLANUEVA,18.891616766467067
2007,2,PAJARITO - AUT,21.591836734693878
2007,2,VILLANUEVA,18.78969696969697
2007,3,PAJARITO - AUT,22.148192771084336
2007,3,VILLANUEVA,19.089156626506025
2007,4,PAJARITO - AUT,22.517261904761906
2007,4,VILLANUEVA,19.417261904761904
2007,5,PAJARITO - AUT,23.347305389221557
2007,5,VILLANUEVA,19.8569696969697
2007,6,PAJARITO - AUT,22.65748502994012
2007,6,VILLANUEVA,18.800598802395207
2007,7,PAJARITO - AUT,22.13053892215569
2007,7,VILLANUEVA,18.53392857142857
2007,8,PAJARITO - AUT,22.356287425149702
2007,8,VILLANUEVA,18.73333333333333
2007,9,PAJARITO - AUT,24.041358024691355
2007,9,VILLANUEVA,20.756969696969698
2007,10,PAJARITO - AUT,21.53170731707317
2007,10,VILLANUEVA,18.569325153374233
2007,11,PAJARITO - AUT,21.759047619047617
2007,11,VILLANUEVA,18.653333333333332
2007,12,PAJARITO - AUT,21.672881355932205
2007,12,VILLANUEVA,18.58050847457627
2007,13,PAJARITO - AUT,21.223780487804877
2007,13,VILLANUEVA,18.20609756097561
2007,14,PAJARITO - AUT,20.583333333333332
2007,14,VILLANUEVA,17.83674698795181
2007,15,PAJARITO - AUT,22.49866666666667
2007,15,VILLANUEVA,19.28476821192053
2007,16,PAJARITO - AUT,21.672602739726027
2007,16,VILLANUEVA,18.741095890410957
2007,17,PAJARITO - AUT,20.584242424242426
2007,17,VILLANUEVA,17.729813664596275
2007,18,PAJARITO - AUT,21.682926829268293
2007,18,VILLANUEVA,18.637888198757764
2007,19,PAJARITO - AUT,22.293373493975903
2007,19,VILLANUEVA,19.201829268292684
2007,20,PAJARITO - AUT,22.218562874251496
2007,20,VILLANUEVA,18.988198757763975
2007,21,PAJARITO - AUT,19.93734939759036
2007,21,VILLANUEVA,17.057926829268293
2007,22,PAJARITO - AUT,19.672619047619047
2007,22,VILLANUEVA,17.031972789115645
2007,23,PAJARITO - AUT,21.69277108433735
2007,23,VILLANUEVA,18.501807228915663
2007,24,PAJARITO - AUT,23.265060240963855
2007,24,VILLANUEVA,19.42168674698795
2007,25,PAJARITO - AUT,22.639024390243904
2007,25,VILLANUEVA,19.08231707317073
2007,26,PAJARITO - AUT,23.321686746987954
2007,26,VILLANUEVA,19.791358024691355
2007,27,PAJARITO - AUT,23.6760736196319
2007,27,VILLANUEVA,20.323353293413174
2007,28,PAJARITO - AUT,22.59880239520958
2007,28,VILLANUEVA,19.363580246913582
2007,29,PAJARITO - AUT,20.974233128834356
2007,29,VILLANUEVA,17.604819277108433
2007,30,PAJARITO - AUT,21.549367088607596
2007,30,VILLANUEVA,18.33225806451613
2007,31,PAJARITO - AUT,22.840243902439024
2007,31,VILLANUEVA,19.264071856287426
2007,32,PAJARITO - AUT,21.75722891566265
2007,32,VILLANUEVA,18.495180722891565
2007,33,PAJARITO - AUT,21.286503067484663
2007,33,VILLANUEVA,17.9437125748503
2007,34,PAJARITO - AUT,20.540666666666667
2007,34,VILLANUEVA,17.240361445783133
2007,35,PAJARITO - AUT,20.764457831325302
2007,35,VILLANUEVA,17.67590361445783
2007,36,PAJARITO - AUT,21.52926829268293
2007,36,VILLANUEVA,18.14457831325301
2007,37,PAJARITO - AUT,21.955421686746988
2007,37,VILLANUEVA,18.491017964071855
2007,38,PAJARITO - AUT,21.98375
2007,38,VILLANUEVA,18.671951219512195
2007,39,PAJARITO - AUT,21.398757763975155
2007,39,VILLANUEVA,18.25151515151515
2007,40,PAJARITO - AUT,21.033939393939395
2007,40,VILLANUEVA,17.8066265060241
2007,41,PAJARITO - AUT,20.066666666666666
2007,41,VILLANUEVA,17.01818181818182
2007,42,PAJARITO - AUT,19.85
2007,42,VILLANUEVA,16.775
2007,43,PAJARITO - AUT,20.403086419753087
2007,43,VILLANUEVA,17.05272727272727
2007,44,PAJARITO - AUT,19.963124999999998
2007,44,VILLANUEVA,16.86121212121212
2007,45,PAJARITO - AUT,20.19320987654321
2007,45,VILLANUEVA,17.170987654320985
2007,46,PAJARITO - AUT,21.512883435582822
2007,46,VILLANUEVA,18.50496894409938
2007,47,PAJARITO - AUT,21.20731707317073
2007,47,VILLANUEVA,17.98385093167702
2007,48,PAJARITO - AUT,21.209615384615383
2007,48,VILLANUEVA,17.83641975308642
2007,49,PAJARITO - AUT,20.152482269503547
2007,49,VILLANUEVA,16.819205298013244
2007,50,PAJARITO - AUT,20.15068493150685
2007,50,VILLANUEVA,17.203896103896106
2007,51,PAJARITO - AUT,20.425
2007,51,VILLANUEVA,17.343975903614457
2007,52,PAJARITO - AUT,21.349101796407187
2007,52,VILLANUEVA,18.334756097560977
2008,1,PAJARITO - AUT,21.553797468354432
2008,1,VILLANUEVA,18.067664670658683
2008,2,PAJARITO - AUT,19.98954248366013
2008,2,VILLANUEVA,17.058169934640524
2008,3,PAJARITO - AUT,21.150000000000002
2008,3,VILLANUEVA,18.063522012578616
2008,4,PAJARITO - AUT,21.464331210191084
2008,4,VILLANUEVA,18.165131578947367
2008,5,PAJARITO - AUT,20.704878048780486
2008,5,VILLANUEVA,16.8688622754491
2008,6,PAJARITO - AUT,21.6320987654321
2008,6,VILLANUEVA,18.44491017964072
2008,7,PAJARITO - AUT,20.983333333333334
2008,7,VILLANUEVA,17.98375
2008,8,PAJARITO - AUT,20.16144578313253
2008,8,VILLANUEVA,17.333333333333332
2008,9,PAJARITO - AUT,21.21878787878788
2008,9,VILLANUEVA,17.982530120481925
2008,10,PAJARITO - AUT,19.933333333333334
2008,10,VILLANUEVA,16.636477987421383
2008,11,PAJARITO - AUT,19.504848484848488
2008,11,VILLANUEVA,16.423493975903614
2008,12,PAJARITO - AUT,21.499386503067484
2008,12,VILLANUEVA,18.396341463414632
2008,13,PAJARITO - AUT,21.334545454545452
2008,13,VILLANUEVA,18.187272727272727
2008,14,PAJARITO - AUT,20.2225
2008,14,VILLANUEVA,16.932515337423315
2008,15,PAJARITO - AUT,20.454421768707483
2008,15,VILLANUEVA,17.428025477707006
2008,16,PAJARITO - AUT,22.526415094339622
2008,16,VILLANUEVA,19.47948717948718
2008,17,PAJARITO - AUT,20.417721518987342
2008,17,VILLANUEVA,17.56025641025641
2008,18,PAJARITO - AUT,20.710975609756098
2008,18,VILLANUEVA,17.824242424242424
2008,19,PAJARITO - AUT,22.429936305732483
2008,19,VILLANUEVA,19.144099378881986
2008,20,PAJARITO - AUT,21.763749999999998
2008,20,VILLANUEVA,18.494339622641508
2008,21,PAJARITO - AUT,19.38780487804878
2008,21,VILLANUEVA,16.87914110429448
2008,22,PAJARITO - AUT,19.88
2008,22,VILLANUEVA,17.015060240963855
2008,23,PAJARITO - AUT,21.348366013071896
2008,23,VILLANUEVA,18.29205298013245
2008,24,PAJARITO - AUT,21.20848484848485
2008,24,VILLANUEVA,18.022222222222222
2008,25,PAJARITO - AUT,21.51341463414634
2008,25,VILLANUEVA,18.414024390243902
2008,26,PAJARITO - AUT,21.15679012345679
2008,26,VILLANUEVA,17.995151515151512
2008,27,PAJARITO - AUT,20.787654320987652
2008,27,VILLANUEVA,17.877914110429447
2008,28,PAJARITO - AUT,20.796153846153846
2008,28,VILLANUEVA,17.80807453416149
2008,29,PAJARITO - AUT,20.181481481481484
2008,29,VILLANUEVA,17.330188679245282
2008,30,PAJARITO - AUT,22.642307692307693
2008,30,VILLANUEVA,19.197297297297297
2008,31,PAJARITO - AUT,21.48616352201258
2008,31,VILLANUEVA,18.463291139240503
2008,32,PAJARITO - AUT,22.392567567567568
2008,32,VILLANUEVA,19.10074074074074
2008,33,PAJARITO - AUT,20.021379310344827
2008,33,VILLANUEVA,17.163333333333334
2008,34,PAJARITO - AUT,19.91464968152866
2008,34,VILLANUEVA,16.990384615384617
2008,35,PAJARITO - AUT,20.20186335403727
2008,35,VILLANUEVA,17.29403973509934
2008,36,PAJARITO - AUT,20.901863354037268
2008,36,VILLANUEVA,17.79032258064516
2008,37,PAJARITO - AUT,22.463522012578615
2008,37,VILLANUEVA,19.335668789808917
2008,38,PAJARITO - AUT,20.7583850931677
2008,38,VILLANUEVA,17.68527607361963
2008,39,PAJARITO - AUT,20.442592592592593
2008,39,VILLANUEVA,17.56624203821656
2008,40,PAJARITO - AUT,20.664670658682635
2008,40,VILLANUEVA,17.579640718562874
2008,41,PAJARITO - AUT,19.879754601226995
2008,41,VILLANUEVA,16.994374999999998
2008,42,PAJARITO - AUT,20.442500000000003
2008,42,VILLANUEVA,17.27358490566038
2008,43,PAJARITO - AUT,21.94121212121212
2008,44,PAJARITO - AUT,21.028048780487804
2008,45,PAJARITO - AUT,20.59457831325301
2008,46,PAJARITO - AUT,20.505357142857143
2008,47,PAJARITO - AUT,20.662275449101795
2008,48,PAJARITO - AUT,19.923809523809524
2008,49,PAJARITO - AUT,20.724698795180725
2008,50,PAJARITO - AUT,22.014074074074074
2008,51,PAJARITO - AUT,19.64154929577465
2008,51,VILLANUEVA,15.730909090909092
2008,52,PAJARITO - AUT,21.590853658536584
2008,52,VILLANUEVA,18.033333333333335
2009,1,PAJARITO - AUT,22.17005988023952
2009,1,VILLANUEVA,18.95421686746988
2009,2,PAJARITO - AUT,21.541717791411045
2009,2,VILLANUEVA,18.410759493670888
2009,3,PAJARITO - AUT,20.626896551724137
2009,3,VILLANUEVA,17.591549295774648
2009,4,PAJARITO - AUT,20.48950617283951
2009,4,VILLANUEVA,17.38866666666667
2009,5,PAJARITO - AUT,21.44
2009,5,VILLANUEVA,18.290566037735847
2009,6,PAJARITO - AUT,21.770481927710843
2009,6,VILLANUEVA,18.494244604316545
2009,7,PAJARITO - AUT,20.720000000000002
2009,7,VILLANUEVA,17.851533742331288
2009,8,PAJARITO - AUT,20.978571428571428
2009,8,VILLANUEVA,17.702836879432624
2009,9,PAJARITO - AUT,20.92919254658385
2009,9,VILLANUEVA,18.0325
2009,10,PAJARITO - AUT,21.14125
2009,10,VILLANUEVA,18.29805194805195
2009,11,PAJARITO - AUT,21.409375
2009,11,VILLANUEVA,18.108496732026143
2009,12,PAJARITO - AUT,20.138323353293412
2009,12,VILLANUEVA,16.91881188118812
2009,13,PAJARITO - AUT,20.606666666666666
2009,13,VILLANUEVA,16.366666666666667
2009,14,PAJARITO - AUT,21.052694610778445
2009,14,VILLANUEVA,18.10421686746988
2009,15,PAJARITO - AUT,21.489880952380954
2009,15,VILLANUEVA,18.57202380952381
2009,16,PAJARITO - AUT,22.33452380952381
2009,16,VILLANUEVA,19.405952380952378
2009,17,PAJARITO - AUT,22.133928571428573
2009,17,VILLANUEVA,19.254761904761907
2009,18,PAJARITO - AUT,21.14107142857143
2009,18,VILLANUEVA,18.304761904761904
2009,19,PAJARITO - AUT,20.866257668711654
2009,19,VILLANUEVA,17.825
2009,20,PAJARITO - AUT,22.03452380952381
2009,20,VILLANUEVA,18.773214285714285
2009,21,PAJARITO - AUT,22.735119047619047
2009,21,VILLANUEVA,19.64047619047619
2009,22,PAJARITO - AUT,22.572619047619046
2009,22,VILLANUEVA,19.380357142857143
2009,23,PAJARITO - AUT,22.713690476190475
2009,23,VILLANUEVA,19.59702380952381
2009,24,PAJARITO - AUT,19.510714285714286
2009,24,VILLANUEVA,18.722619047619048
2009,25,PAJARITO - AUT,19.257142857142856
2009,26,PAJARITO - AUT,18.063690476190477
2009,27,PAJARITO - AUT,18.74702380952381
2009,28,PAJARITO - AUT,19.141358024691357
2009,29,PAJARITO - AUT,20.685714285714283
2009,30,PAJARITO - AUT,19.635119047619046
2009,31,PAJARITO - AUT,20.665060240963857
2009,32,PAJARITO - AUT,19.870833333333334
2009,33,PAJARITO - AUT,19.718562874251496
2009,34,PAJARITO - AUT,18.8
2009,35,PAJARITO - AUT,19.71272727272727
2009,36,PAJARITO - AUT,20.78333333333333
2009,37,PAJARITO - AUT,19.795625
2009,38,PAJARITO - AUT,19.016666666666666
2009,39,PAJARITO - AUT,20.825595238095236
2009,40,PAJARITO - AUT,19.98392857142857
2009,41,PAJARITO - AUT,19.426993865030674
2009,42,PAJARITO - AUT,17.636309523809523
2009,43,PAJARITO - AUT,18.492261904761904
2009,44,PAJARITO - AUT,18.321019108280254
2009,45,PAJARITO - AUT,17.36610169491525
2009,46,PAJARITO - AUT,18.99135802469136
2009,47,PAJARITO - AUT,20.043650793650794
2009,48,PAJARITO - AUT,19.548412698412697
2009,51,PAJARITO - AUT,18.655405405405407
2009,52,PAJARITO - AUT,18.74404761904762
2009,53,PAJARITO - AUT,18.424223602484474
2010,1,PAJARITO - AUT,19.12232142857143
2010,2,PAJARITO - AUT,20.582352941176474
2010,3,PAJARITO - AUT,20.467924528301886
2010,4,PAJARITO - AUT,19.872392638036807
2010,5,PAJARITO - AUT,21.295104895104895
2010,6,PAJARITO - AUT,19.862420382165606
2010,7,PAJARITO - AUT,21.314285714285713
2010,8,PAJARITO - AUT,19.624096385542167
2010,9,PAJARITO - AUT,20.776363636363637
2010,10,PAJARITO - AUT,21.107142857142858
2010,11,PAJARITO - AUT,20.17716049382716
2010,12,PAJARITO - AUT,20.557668711656444
2010,13,PAJARITO - AUT,19.369032258064514
2010,14,PAJARITO - AUT,18.760666666666665
2010,15,PAJARITO - AUT,19.141975308641975
2010,16,PAJARITO - AUT,20.919512195121953
2010,17,PAJARITO - AUT,19.211377245508984
2010,18,PAJARITO - AUT,19.498809523809523
2010,19,PAJARITO - AUT,20.900613496932518
2010,20,PAJARITO - AUT,19.670186335403727
2010,21,PAJARITO - AUT,18.371875
2010,22,PAJARITO - AUT,19.36867469879518
2010,23,PAJARITO - AUT,18.50526315789474
2010,24,PAJARITO - AUT,18.1933734939759
2010,25,PAJARITO - AUT,18.54285714285714
2010,26,PAJARITO - AUT,18.36969696969697
2010,27,PAJARITO - AUT,17.7437125748503
2010,28,PAJARITO - AUT,17.148214285714285
2010,29,PAJARITO - AUT,18.742944785276073
2010,30,PAJARITO - AUT,17.991515151515152
2010,31,PAJARITO - AUT,19.60301204819277
2010,32,PAJARITO - AUT,19.11556886227545
2010,33,PAJARITO - AUT,18.35833333333333
2010,34,PAJARITO - AUT,18.22638036809816
2010,35,PAJARITO - AUT,18.15297619047619
2010,36,PAJARITO - AUT,17.98392857142857
2010,37,PAJARITO - AUT,18.252409638554216
2010,38,PAJARITO - AUT,17.027672955974843
2010,39,PAJARITO - AUT,17.559036144578315
2010,40,PAJARITO - AUT,18.446875
2010,41,PAJARITO - AUT,18.813253012048193
2010,42,PAJARITO - AUT,17.683734939759034
2010,43,PAJARITO - AUT,17.70344827586207
2010,44,PAJARITO - AUT,17.949404761904763
2010,45,PAJARITO - AUT,17.382142857142856
2010,46,PAJARITO - AUT,17.39107142857143
2010,47,PAJARITO - AUT,17.482499999999998
2010,48,PAJARITO - AUT,17.252095808383235
2010,49,PAJARITO - AUT,18.377380952380953
2010,50,PAJARITO - AUT,17.199404761904763
2010,51,PAJARITO - AUT,17.513253012048192
2010,52,PAJARITO - AUT,18.48154761904762
2011,1,PAJARITO - AUT,17.825748502994013
2011,2,PAJARITO - AUT,20.214880952380952
2011,3,PAJARITO - AUT,19.162275449101795
2011,4,PAJARITO - AUT,17.946666666666665
2011,5,PAJARITO - AUT,19.377380952380953
2011,6,PAJARITO - AUT,17.71746987951807
2011,7,PAJARITO - AUT,17.99503105590062
2011,8,PAJARITO - AUT,17.875595238095237
2011,9,PAJARITO - AUT,17.235329341317367
2011,10,PAJARITO - AUT,17.3
2011,11,PAJARITO - AUT,18.692168674698795
2011,12,PAJARITO - AUT,17.923809523809524
2011,13,PAJARITO - AUT,19.634177215189872
2011,14,PAJARITO - AUT,17.70357142857143
2011,15,PAJARITO - AUT,16.950898203592814
2011,16,PAJARITO - AUT,17.013095238095236
2011,17,PAJARITO - AUT,18.31349693251534
2011,18,PAJARITO - AUT,19.328658536585365
2011,19,PAJARITO - AUT,18.395833333333332
2011,20,PAJARITO - AUT,17.88109756097561
2011,21,PAJARITO - AUT,18.692814371257484
2011,22,PAJARITO - AUT,18.37090909090909
2011,23,PAJARITO - AUT,19.98181818181818
2011,24,PAJARITO - AUT,19.430120481927712
2011,25,PAJARITO - AUT,18.41851851851852
2011,26,PAJARITO - AUT,18.711333333333332
2011,27,PAJARITO - AUT,19.85433070866142
2011,28,PAJARITO - AUT,18.164285714285715
2011,29,PAJARITO - AUT,19.93888888888889
2011,30,PAJARITO - AUT,18.334730538922155
2011,31,PAJARITO - AUT,19.253939393939394
2011,32,PAJARITO - AUT,19.542405063291138
2011,33,PAJARITO - AUT,18.130357142857143
2011,34,PAJARITO - AUT,18.408982035928144
2011,35,PAJARITO - AUT,19.69754601226994
2011,36,PAJARITO - AUT,18.007878787878788
2011,37,PAJARITO - AUT,18.619607843137256
2011,38,PAJARITO - AUT,18.663157894736845
2011,39,PAJARITO - AUT,19.466666666666665
2011,40,PAJARITO - AUT,18.265408805031445
2011,41,PAJARITO - AUT,17.12283950617284
2011,42,PAJARITO - AUT,16.835443037974684
2011,43,PAJARITO - AUT,17.542666666666666
2011,44,PAJARITO - AUT,18.727631578947367
2011,45,PAJARITO - AUT,17.401948051948054
2011,46,PAJARITO - AUT,17.177551020408163
2011,47,PAJARITO - AUT,15.358333333333334
2011,48,PAJARITO - AUT,17.9135593220339
2011,49,PAJARITO - AUT,17.404402515723273
2011,50,PAJARITO - AUT,17.427407407407404
2011,51,PAJARITO - AUT,18.842073170731705
2011,52,PAJARITO - AUT,18.97440476190476
2012,1,PAJARITO - AUT,18.130357142857143
2012,2,PAJARITO - AUT,19.11497005988024
2012,3,PAJARITO - AUT,17.10314465408805
2012,4,PAJARITO - AUT,18.152095808383233
2012,5,PAJARITO - AUT,19.125149700598804
2012,6,PAJARITO - AUT,18.42083333333333
2012,7,PAJARITO - AUT,18.290151515151518
2012,8,PAJARITO - AUT,19.048427672955974
2012,9,PAJARITO - AUT,19.443971631205674
2012,10,PAJARITO - AUT,18.242168674698792
2012,11,PAJARITO - AUT,19.2319018404908
2012,12,PAJARITO - AUT,17.670481927710846
2012,13,PAJARITO - AUT,18.774233128834354
2012,14,PAJARITO - AUT,17.77590361445783
2012,15,PAJARITO - AUT,16.674666666666667
2012,16,PAJARITO - AUT,17.452121212121213
2012,17,PAJARITO - AUT,18.394904458598727
2012,18,PAJARITO - AUT,17.30204081632653
2012,19,PAJARITO - AUT,18.030434782608697
2012,20,PAJARITO - AUT,19.00979020979021
2012,21,PAJARITO - AUT,18.987769784172663
2012,22,PAJARITO - AUT,19.474418604651163
2012,23,PAJARITO - AUT,20.37847222222222
2012,24,PAJARITO - AUT,17.89673202614379
2012,24,VILLANUEVA,20.871014492753623
2012,25,PAJARITO - AUT,19.317283950617284
2012,25,VILLANUEVA,22.813636363636366
2012,26,PAJARITO - AUT,18.599999999999998
2012,26,VILLANUEVA,21.913414634146342
2012,27,PAJARITO - AUT,19.33125
2012,27,VILLANUEVA,22.48957055214724
2012,28,PAJARITO - AUT,18.462025316455698
2012,28,VILLANUEVA,21.54375
2012,29,PAJARITO - AUT,19.89568345323741
2012,29,VILLANUEVA,23.396527777777777
2012,30,PAJARITO - AUT,19.933125
2012,30,VILLANUEVA,23.35238095238095
2012,31,PAJARITO - AUT,18.88343949044586
2012,31,VILLANUEVA,21.938364779874213
2012,32,PAJARITO - AUT,19.075
2012,32,VILLANUEVA,22.18154761904762
2012,33,PAJARITO - AUT,18.64879518072289
2012,33,VILLANUEVA,21.698214285714286
2012,34,PAJARITO - AUT,17.665467625899282
2012,34,VILLANUEVA,21.016666666666666
2012,35,PAJARITO - AUT,19.60268456375839
2012,35,VILLANUEVA,23.049090909090907
2012,36,PAJARITO - AUT,19.607368421052634
2012,36,VILLANUEVA,22.90504201680672
2012,37,PAJARITO - AUT,19.77452229299363
2012,37,VILLANUEVA,23.100609756097562
2012,38,PAJARITO - AUT,19.22202380952381
2012,38,VILLANUEVA,22.174404761904764
2012,39,PAJARITO - AUT,18.975595238095238
2012,39,VILLANUEVA,21.766666666666666
2012,40,PAJARITO - AUT,18.583333333333332
2012,40,VILLANUEVA,21.77090909090909
2012,41,PAJARITO - AUT,18.089880952380952
2012,41,VILLANUEVA,21.120238095238093
2012,42,PAJARITO - AUT,17.255357142857143
2012,42,VILLANUEVA,20.085714285714285
2012,43,PAJARITO - AUT,18.746428571428574
2012,43,VILLANUEVA,21.744642857142857
2012,44,PAJARITO - AUT,18.6125
2012,44,VILLANUEVA,21.73392857142857
2012,45,PAJARITO - AUT,18.89761904761905
2012,45,VILLANUEVA,22.060119047619047
2012,46,PAJARITO - AUT,17.486309523809524
2012,46,VILLANUEVA,20.417261904761904
2012,47,PAJARITO - AUT,18.88154761904762
2012,47,VILLANUEVA,21.751785714285717
2012,48,PAJARITO - AUT,18.197619047619046
2012,48,VILLANUEVA,21.267857142857142
2012,49,PAJARITO - AUT,18.692857142857143
2012,49,VILLANUEVA,21.91547619047619
2012,50,PAJARITO - AUT,18.417261904761904
2012,50,VILLANUEVA,21.652380952380952
2012,51,PAJARITO - AUT,18.638095238095236
2012,51,VILLANUEVA,21.913095238095238
2012,52,PAJARITO - AUT,19.041666666666668
2012,52,VILLANUEVA,22.372619047619047
2013,1,PAJARITO - AUT,20.10238095238095
2013,1,VILLANUEVA,23.26845238095238
2013,2,PAJARITO - AUT,20.15952380952381
2013,2,VILLANUEVA,23.225
2013,3,PAJARITO - AUT,18.998809523809523
2013,3,VILLANUEVA,22.007738095238096
2013,4,PAJARITO - AUT,19.28214285714286
2013,4,VILLANUEVA,22.39761904761905
2013,5,PAJARITO - AUT,19.03333333333333
2013,5,VILLANUEVA,22.208928571428572
2013,6,PAJARITO - AUT,18.067261904761907
2013,6,VILLANUEVA,20.816666666666666
2013,7,PAJARITO - AUT,18.148809523809526
2013,7,VILLANUEVA,21.192261904761907
2013,8,PAJARITO - AUT,19.827380952380953
2013,8,VILLANUEVA,23.05297619047619
2013,9,PAJARITO - AUT,19.955357142857142
2013,9,VILLANUEVA,23.038690476190474
2013,10,PAJARITO - AUT,20.54642857142857
2013,10,VILLANUEVA,23.624404761904763
2013,11,PAJARITO - AUT,19.383928571428573
2013,11,VILLANUEVA,22.388095238095236
2013,12,PAJARITO - AUT,18.576785714285716
2013,12,VILLANUEVA,21.21309523809524
2013,13,PAJARITO - AUT,20.083928571428572
2013,13,VILLANUEVA,23.15416666666667
2013,14,PAJARITO - AUT,20.245238095238093
2013,14,VILLANUEVA,23.475
2013,15,PAJARITO - AUT,20.41488095238095
2013,15,VILLANUEVA,23.374404761904763
2013,16,PAJARITO - AUT,18.567261904761907
2013,16,VILLANUEVA,21.611309523809524
2013,17,PAJARITO - AUT,18.932738095238093
2013,17,VILLANUEVA,21.732738095238094
2013,18,PAJARITO - AUT,18.041071428571428
2013,18,VILLANUEVA,20.889285714285716
2013,19,PAJARITO - AUT,18.904761904761905
2013,19,VILLANUEVA,21.711309523809526
2013,20,PAJARITO - AUT,19.139285714285716
2013,20,VILLANUEVA,21.951190476190476
2013,21,PAJARITO - AUT,18.58203592814371
2013,21,VILLANUEVA,21.551533742331287
2013,22,PAJARITO - AUT,18.4430303030303
2013,22,VILLANUEVA,21.44787878787879
2013,23,PAJARITO - AUT,19.857738095238094
2013,23,VILLANUEVA,23.291666666666668
2013,24,PAJARITO - AUT,19.70297619047619
2013,24,VILLANUEVA,5.5715596330275226
2013,25,PAJARITO - AUT,20.289285714285715
2013,25,VILLANUEVA,1.1627906976744184
2013,26,PAJARITO - AUT,18.664670658682635
2013,26,VILLANUEVA,3.4419354838709677
2013,27,PAJARITO - AUT,18.507738095238096
2013,27,VILLANUEVA,4.557142857142857
2013,28,PAJARITO - AUT,19.360119047619047
2013,28,VILLANUEVA,2.3743589743589744
2013,29,PAJARITO - AUT,19.970238095238095
2013,29,VILLANUEVA,1.4144736842105263
2013,30,PAJARITO - AUT,19.83154761904762
2013,30,VILLANUEVA,1.1611650485436893
2013,31,PAJARITO - AUT,19.947619047619046
2013,31,VILLANUEVA,3.211111111111111
2013,32,PAJARITO - AUT,18.39404761904762
2013,33,PAJARITO - AUT,18.9875
2013,34,PAJARITO - AUT,19.23035714285714
2013,35,PAJARITO - AUT,19.446428571428573
2013,36,PAJARITO - AUT,17.882142857142856
2013,37,PAJARITO - AUT,18.81556886227545
2013,38,PAJARITO - AUT,20.53202614379085
2013,38,VILLANUEVA,5.355555555555556
2013,39,PAJARITO - AUT,19.369277108433735
2013,39,VILLANUEVA,18.3
2013,40,PAJARITO - AUT,18.73734939759036
2013,40,VILLANUEVA,21.538095238095238
2013,41,PAJARITO - AUT,19.33952095808383
2013,41,VILLANUEVA,22.25
2013,42,PAJARITO - AUT,18.572289156626507
2013,42,VILLANUEVA,21.25212121212121
2013,43,PAJARITO - AUT,18.880357142857143
2013,43,VILLANUEVA,18.84175257731959
2013,44,PAJARITO - AUT,18.04285714285714
2013,44,VILLANUEVA,21.183333333333334
2013,45,PAJARITO - AUT,17.59760479041916
2013,45,VILLANUEVA,20.088023952095806
2013,46,PAJARITO - AUT,19.825
2013,46,VILLANUEVA,22.729761904761904
2013,47,PAJARITO - AUT,18.026190476190475
2013,47,VILLANUEVA,20.648214285714285
2013,48,PAJARITO - AUT,17.620833333333334
2013,48,VILLANUEVA,20.20297619047619
2013,49,PAJARITO - AUT,18.10297619047619
2013,49,VILLANUEVA,20.83095238095238
2013,50,PAJARITO - AUT,19.15416666666667
2013,50,VILLANUEVA,22.045238095238094
2013,51,PAJARITO - AUT,18.279640718562874
2013,51,VILLANUEVA,21.232738095238094
2013,52,PAJARITO - AUT,18.70297619047619
2013,52,VILLANUEVA,21.22738095238095
2014,1,PAJARITO - AUT,19.332738095238096
2014,1,VILLANUEVA,22.264285714285716
2014,2,PAJARITO - AUT,17.82814371257485
2014,2,VILLANUEVA,20.5814371257485
2014,3,PAJARITO - AUT,19.726190476190474
2014,3,VILLANUEVA,22.738690476190477
2014,4,PAJARITO - AUT,18.991616766467065
2014,4,VILLANUEVA,21.867261904761904
2014,5,PAJARITO - AUT,18.84431137724551
2014,5,VILLANUEVA,21.769277108433734
2014,6,PAJARITO - AUT,19.005357142857143
2014,6,VILLANUEVA,21.902380952380952
2014,7,PAJARITO - AUT,19.56547619047619
2014,7,VILLANUEVA,22.55
2014,8,PAJARITO - AUT,18.69503105590062
2014,8,VILLANUEVA,21.380254777070064
2014,9,PAJARITO - AUT,18.882978723404257
2014,9,VILLANUEVA,21.831297709923664
2014,10,PAJARITO - AUT,18.048275862068966
2014,10,VILLANUEVA,20.742857142857144
2014,11,PAJARITO - AUT,18.487577639751553
2014,11,VILLANUEVA,20.816025641025643
2014,12,PAJARITO - AUT,20.135329341317366
2014,12,VILLANUEVA,23.026623376623377
2014,13,PAJARITO - AUT,19.919760479041916
2014,13,VILLANUEVA,22.45769230769231
2014,14,PAJARITO - AUT,20.370833333333334
2014,14,VILLANUEVA,21.6046511627907
2014,15,PAJARITO - AUT,20.3289156626506
2014,15,VILLANUEVA,22.615254237288134
2014,16,PAJARITO - AUT,19.137951807228916
2014,16,VILLANUEVA,21.948148148148146
2014,17,PAJARITO - AUT,18.233333333333334
2014,17,VILLANUEVA,20.957407407407405
2014,18,PAJARITO - AUT,19.025925925925925
2014,18,VILLANUEVA,22.187179487179485
2014,19,PAJARITO - AUT,17.90059880239521
2014,19,VILLANUEVA,20.591975308641977
2014,20,PAJARITO - AUT,19.367857142857144
2014,20,VILLANUEVA,22.21851851851852
2014,21,PAJARITO - AUT,19.173831775700933
2014,21,VILLANUEVA,22.311486486486487
2014,22,VILLANUEVA,22.76788990825688
2014,23,VILLANUEVA,22.395384615384614
2014,24,VILLANUEVA,23.12054794520548
2014,25,VILLANUEVA,23.857236842105266
2014,26,VILLANUEVA,22.372611464968152
2014,27,VILLANUEVA,23.073493975903613
2014,28,VILLANUEVA,23.52121212121212
2014,29,VILLANUEVA,23.72910447761194
2014,30,VILLANUEVA,24.821153846153848
2014,31,VILLANUEVA,24.354368932038835
2014,32,VILLANUEVA,23.948484848484846
2014,33,VILLANUEVA,23.211764705882356
2014,49,APTO OLAYA HERRERA - TX GPRS,21.536190476190477
2014,50,APTO OLAYA HERRERA - TX GPRS,20.54345238095238
2014,51,APTO OLAYA HERRERA - TX GPRS,21.46666666666667
2014,52,APTO OLAYA HERRERA - TX GPRS,23.04047619047619
2015,1,APTO OLAYA HERRERA - TX GPRS,23.2
2015,2,APTO OLAYA HERRERA - TX GPRS,23.177380952380954
2015,3,APTO OLAYA HERRERA - TX GPRS,22.30952380952381
2015,4,APTO OLAYA HERRERA - TX GPRS,21.48392857142857
2015,5,APTO OLAYA HERRERA - TX GPRS,21.935714285714283
2015,6,APTO OLAYA HERRERA - TX GPRS,21.74047619047619
2015,7,APTO OLAYA HERRERA - TX GPRS,21.753571428571426
2015,8,APTO OLAYA HERRERA - TX GPRS,22.925
2015,9,APTO OLAYA HERRERA - TX GPRS,22.65357142857143
2015,10,APTO OLAYA HERRERA - TX GPRS,22.75595238095238
2015,11,APTO OLAYA HERRERA - TX GPRS,24.78141592920354
2015,12,APTO OLAYA HERRERA - TX GPRS,21.07179487179487
2015,13,APTO OLAYA HERRERA - TX GPRS,22.23154761904762
2015,14,APTO OLAYA HERRERA - TX GPRS,21.295238095238094
2015,15,APTO OLAYA HERRERA - TX GPRS,22.129761904761907
2015,16,APTO OLAYA HERRERA - TX GPRS,20.992261904761904
2015,17,APTO OLAYA HERRERA - TX GPRS,23.04047619047619
2015,18,APTO OLAYA HERRERA - TX GPRS,23.260714285714286
2015,19,APTO OLAYA HERRERA - TX GPRS,23.729166666666668
2015,20,APTO OLAYA HERRERA - TX GPRS,24.038690476190474
2015,21,APTO OLAYA HERRERA - TX GPRS,23.21309523809524
2015,22,APTO OLAYA HERRERA - TX GPRS,21.34583333333333
2015,23,APTO OLAYA HERRERA - TX GPRS,23.373809523809523
2015,24,APTO OLAYA HERRERA - TX GPRS,22.899404761904762
2015,25,APTO OLAYA HERRERA - TX GPRS,24.188690476190477
2015,26,APTO OLAYA HERRERA - TX GPRS,24.551190476190477
2015,27,APTO OLAYA HERRERA - TX GPRS,24.547023809523807
2015,28,APTO OLAYA HERRERA - TX GPRS,23.773809523809526
2015,29,APTO OLAYA HERRERA - TX GPRS,22.62202380952381
2015,30,APTO OLAYA HERRERA - TX GPRS,22.742857142857144
2015,31,APTO OLAYA HERRERA - TX GPRS,23.876785714285717
2015,31,PAJARITO - AUT,20.033333333333335
2015,32,APTO OLAYA HERRERA - TX GPRS,24.026785714285715
2015,32,PAJARITO - AUT,20.697619047619046
2015,33,APTO OLAYA HERRERA - TX GPRS,22.97142857142857
2015,33,PAJARITO - AUT,19.634545454545453
2015,34,APTO OLAYA HERRERA - TX GPRS,23.413095238095238
2015,34,PAJARITO - AUT,19.693037974683545
2015,35,APTO OLAYA HERRERA - TX GPRS,23.42797619047619
2015,35,PAJARITO - AUT,20.188690476190477
2015,36,APTO OLAYA HERRERA - TX GPRS,24.336904761904762
2015,36,PAJARITO - AUT,20.739880952380954
2015,37,APTO OLAYA HERRERA - TX GPRS,23.189285714285717
2015,37,PAJARITO - AUT,17.04516129032258
2015,38,APTO OLAYA HERRERA - TX GPRS,22.736309523809524
2015,38,PAJARITO - AUT,19.030075187969924
2015,39,APTO OLAYA HERRERA - TX GPRS,24.382738095238096
2015,39,PAJARITO - AUT,21.163354037267084
2015,40,APTO OLAYA HERRERA - TX GPRS,22.60297619047619
2015,40,PAJARITO - AUT,19.321084337349397
2015,41,APTO OLAYA HERRERA - TX GPRS,23.363690476190477
2015,41,PAJARITO - AUT,20.401785714285715
2015,42,APTO OLAYA HERRERA - TX GPRS,22.010714285714286
2015,42,PAJARITO - AUT,19.236526946107784
2015,43,APTO OLAYA HERRERA - TX GPRS,22.111309523809524
2015,43,PAJARITO - AUT,18.87202380952381
2015,44,APTO OLAYA HERRERA - TX GPRS,21.430357142857144
2015,44,PAJARITO - AUT,18.5762962962963
2015,45,APTO OLAYA HERRERA - TX GPRS,21.026785714285715
2015,45,PAJARITO - AUT,18.128571428571426
2015,46,APTO OLAYA HERRERA - TX GPRS,22.96666666666667
2015,46,PAJARITO - AUT,20.185714285714287
2015,47,APTO OLAYA HERRERA - TX GPRS,21.604191616766467
2015,47,PAJARITO - AUT,18.608536585365854
2015,48,APTO OLAYA HERRERA - TX GPRS,22.337125748502995
2015,48,PAJARITO - AUT,19.24191616766467
2015,49,APTO OLAYA HERRERA - TX GPRS,23.448214285714286
2015,49,PAJARITO - AUT,20.274251497005988
2015,50,APTO OLAYA HERRERA - TX GPRS,23.336309523809526
2015,50,PAJARITO - AUT,19.68144329896907
2015,51,APTO OLAYA HERRERA - TX GPRS,22.761309523809523
2015,52,APTO OLAYA HERRERA - TX GPRS,23.803012048192773
2015,53,APTO OLAYA HERRERA - TX GPRS,23.788690476190474
2016,1,APTO OLAYA HERRERA - TX GPRS,22.638095238095236
2016,2,APTO OLAYA HERRERA - TX GPRS,23.132738095238096
2016,3,APTO OLAYA HERRERA - TX GPRS,22.704761904761906
2016,4,APTO OLAYA HERRERA - TX GPRS,23.58214285714286
2016,5,APTO OLAYA HERRERA - TX GPRS,23.81904761904762
2016,6,APTO OLAYA HERRERA - TX GPRS,23.676785714285714
2016,7,APTO OLAYA HERRERA - TX GPRS,24.192261904761907
2016,8,APTO OLAYA HERRERA - TX GPRS,23.560714285714283
2016,9,APTO OLAYA HERRERA - TX GPRS,24.15892857142857
2016,10,APTO OLAYA HERRERA - TX GPRS,23.04345238095238
2016,11,APTO OLAYA HERRERA - TX GPRS,24.051190476190477
2016,12,APTO OLAYA HERRERA - TX GPRS,25.04583333333333
2016,13,APTO OLAYA HERRERA - TX GPRS,22.84702380952381
2016,14,APTO OLAYA HERRERA - TX GPRS,22.829761904761906
2016,15,APTO OLAYA HERRERA - TX GPRS,22.570833333333333
2016,16,APTO OLAYA HERRERA - TX GPRS,24.304761904761904
2016,16,PAJARITO - AUT,19.175
2016,17,APTO OLAYA HERRERA - TX GPRS,21.508982035928145
2016,17,PAJARITO - AUT,18.529761904761905
2016,18,APTO OLAYA HERRERA - TX GPRS,21.775630252100843
2016,18,PAJARITO - AUT,18.65535714285714
2016,19,PAJARITO - AUT,19.551785714285714
2016,20,PAJARITO - AUT,21.238690476190477
2016,21,PAJARITO - AUT,19.853571428571428
2016,22,PAJARITO - AUT,18.976190476190474
2016,23,PAJARITO - AUT,19.401785714285715
2016,24,APTO OLAYA HERRERA - TX GPRS,23.232710280373833
2016,24,PAJARITO - AUT,19.70595238095238
2016,25,APTO OLAYA HERRERA - TX GPRS,22.790963855421687
2016,25,PAJARITO - AUT,19.576190476190476
2016,26,APTO OLAYA HERRERA - TX GPRS,23.718452380952378
2016,26,PAJARITO - AUT,20.35952380952381
2016,27,APTO OLAYA HERRERA - TX GPRS,23.276190476190475
2016,27,PAJARITO - AUT,20.138095238095236
2016,28,APTO OLAYA HERRERA - TX GPRS,21.504761904761907
2016,28,PAJARITO - AUT,18.23392857142857
2016,29,APTO OLAYA HERRERA - TX GPRS,22.474050632911393
2016,29,PAJARITO - AUT,19.14240506329114
2016,30,APTO OLAYA HERRERA - TX GPRS,23.241509433962264
2016,30,PAJARITO - AUT,19.854716981132075
2016,31,APTO OLAYA HERRERA - TX GPRS,23.688690476190477
2016,31,PAJARITO - AUT,20.388690476190476
2016,32,APTO OLAYA HERRERA - TX GPRS,23.623214285714283
2016,32,PAJARITO - AUT,20.34166666666667
2016,33,APTO OLAYA HERRERA - TX GPRS,23.00740740740741
2016,33,PAJARITO - AUT,20.045180722891565
2016,34,PAJARITO - AUT,19.36777777777778
2016,35,PAJARITO - AUT,18.626785714285717
2016,36,PAJARITO - AUT,18.785333333333334
2016,37,PAJARITO - AUT,19.048809523809524
2016,38,PAJARITO - AUT,19.494642857142857
2016,39,APTO OLAYA HERRERA - TX GPRS,22.596240601503762
2016,39,PAJARITO - AUT,19.163690476190474
2016,40,APTO OLAYA HERRERA - TX GPRS,21.816666666666666
2016,40,PAJARITO - AUT,18.791071428571428
2016,41,APTO OLAYA HERRERA - TX GPRS,21.34285714285714
2016,41,PAJARITO - AUT,18.689880952380953
2016,42,APTO OLAYA HERRERA - TX GPRS,21.61497005988024
2016,42,PAJARITO - AUT,18.883928571428573
2016,43,APTO OLAYA HERRERA - TX GPRS,21.416071428571428
2016,43,PAJARITO - AUT,18.56547619047619
2016,44,APTO OLAYA HERRERA - TX GPRS,21.20359281437126
2016,44,PAJARITO - AUT,18.10892857142857
2016,45,APTO OLAYA HERRERA - TX GPRS,21.286335403726707
2016,45,PAJARITO - AUT,18.498809523809523
2016,46,APTO OLAYA HERRERA - TX GPRS,20.386904761904763
2016,46,PAJARITO - AUT,17.350595238095238
2016,47,APTO OLAYA HERRERA - TX GPRS,20.98154761904762
2016,47,PAJARITO - AUT,17.839880952380952
2016,48,APTO OLAYA HERRERA - TX GPRS,20.85833333333333
2016,48,PAJARITO - AUT,17.98452380952381
2016,49,APTO OLAYA HERRERA - TX GPRS,20.61547619047619
2016,49,PAJARITO - AUT,17.892857142857142
2016,50,APTO OLAYA HERRERA - TX GPRS,22.024550898203593
2016,50,PAJARITO - AUT,19.075609756097563
2016,51,APTO OLAYA HERRERA - TX GPRS,20.896428571428572
2016,51,PAJARITO - AUT,17.975
2016,52,APTO OLAYA HERRERA - TX GPRS,21.59642857142857
2016,52,PAJARITO - AUT,18.728571428571428
2017,1,APTO OLAYA HERRERA - TX GPRS,21.70416666666667
2017,1,PAJARITO - AUT,18.90357142857143
2017,2,APTO OLAYA HERRERA - TX GPRS,20.6179012345679
2017,2,PAJARITO - AUT,17.96785714285714
2017,3,APTO OLAYA HERRERA - TX GPRS,20.78242424242424
2017,3,PAJARITO - AUT,17.58095238095238
2017,4,APTO OLAYA HERRERA - TX GPRS,22.099999999999998
2017,4,PAJARITO - AUT,19.1625
2017,5,APTO OLAYA HERRERA - TX GPRS,22.571428571428573
2017,5,PAJARITO - AUT,19.788690476190474
2017,6,APTO OLAYA HERRERA - TX GPRS,23.08452380952381
2017,6,PAJARITO - AUT,19.73154761904762
2017,7,APTO OLAYA HERRERA - TX GPRS,22.17797619047619
2017,7,PAJARITO - AUT,18.57305389221557
2017,8,APTO OLAYA HERRERA - TX GPRS,21.514880952380953
2017,8,PAJARITO - AUT,18.427814569536423
2017,9,APTO OLAYA HERRERA - TX GPRS,21.55297619047619
2017,9,PAJARITO - AUT,18.744999999999997
2017,10,APTO OLAYA HERRERA - TX GPRS,20.51607142857143
2017,10,PAJARITO - AUT,17.586904761904762
2017,11,APTO OLAYA HERRERA - TX GPRS,20.746153846153845
2017,11,PAJARITO - AUT,17.758333333333333
2017,12,APTO OLAYA HERRERA - TX GPRS,20.72797619047619
2017,12,PAJARITO - AUT,17.81547619047619
2017,13,APTO OLAYA HERRERA - TX GPRS,21.540718562874254
2017,13,PAJARITO - AUT,18.66325301204819
2017,14,APTO OLAYA HERRERA - TX GPRS,22.879041916167665
2017,14,PAJARITO - AUT,19.34251497005988
2017,15,APTO OLAYA HERRERA - TX GPRS,21.872619047619047
2017,15,PAJARITO - AUT,18.880357142857143
2017,16,APTO OLAYA HERRERA - TX GPRS,21.719047619047622
2017,16,PAJARITO - AUT,18.548809523809524
2017,17,APTO OLAYA HERRERA - TX GPRS,22.26547619047619
2017,17,PAJARITO - AUT,19.15952380952381
2017,18,APTO OLAYA HERRERA - TX GPRS,20.607142857142858
2017,18,PAJARITO - AUT,17.901190476190475
2017,19,APTO OLAYA HERRERA - TX GPRS,20.75449101796407
2017,19,PAJARITO - AUT,17.973809523809525
2017,20,APTO OLAYA HERRERA - TX GPRS,21.907185628742514
2017,20,PAJARITO - AUT,19.258928571428573
2017,21,APTO OLAYA HERRERA - TX GPRS,23.069642857142856
2017,21,PAJARITO - AUT,19.93095238095238
2017,22,APTO OLAYA HERRERA - TX GPRS,23.607185628742517
2017,22,PAJARITO - AUT,20.45595238095238
2017,23,APTO OLAYA HERRERA - TX GPRS,22.192261904761907
2017,23,PAJARITO - AUT,19.183125
2017,24,APTO OLAYA HERRERA - TX GPRS,20.625149700598804
2017,24,PAJARITO - AUT,17.926785714285714
2017,25,APTO OLAYA HERRERA - TX GPRS,21.698809523809523
2017,25,PAJARITO - AUT,18.901190476190475
2017,26,APTO OLAYA HERRERA - TX GPRS,22.05595238095238
2017,26,PAJARITO - AUT,19.46969696969697
2017,27,APTO OLAYA HERRERA - TX GPRS,23.575
2017,27,PAJARITO - AUT,20.477027027027027
2017,28,APTO OLAYA HERRERA - TX GPRS,21.864197530864196
2017,28,PAJARITO - AUT,17.863636363636363
2017,29,APTO OLAYA HERRERA - TX GPRS,22.534355828220857
2017,29,PAJARITO - AUT,20.061363636363637
2017,30,APTO OLAYA HERRERA - TX GPRS,23.825
2017,30,PAJARITO - AUT,20.335616438356166
2017,31,APTO OLAYA HERRERA - TX GPRS,22.607142857142858
2017,31,PAJARITO - AUT,19.072602739726026
2017,32,APTO OLAYA HERRERA - TX GPRS,22.777844311377248
2017,32,PAJARITO - AUT,20.0765306122449
2017,33,APTO OLAYA HERRERA - TX GPRS,22.283832335329343
2017,33,PAJARITO - AUT,19.33975155279503
2017,34,APTO OLAYA HERRERA - TX GPRS,22.495808383233534
2017,34,PAJARITO - AUT,19.473652694610777
2017,35,APTO OLAYA HERRERA - TX GPRS,22.520359281437127
2017,35,PAJARITO - AUT,19.39107142857143
2017,36,APTO OLAYA HERRERA - TX GPRS,21.567857142857143
2017,36,PAJARITO - AUT,18.529761904761905
2017,37,APTO OLAYA HERRERA - TX GPRS,21.902380952380952
2017,37,PAJARITO - AUT,19.18378378378378
2017,38,APTO OLAYA HERRERA - TX GPRS,21.842168674698797
2017,38,PAJARITO - AUT,19.21785714285714
2017,39,APTO OLAYA HERRERA - TX GPRS,21.410714285714285
2017,39,PAJARITO - AUT,18.26158536585366
2017,40,APTO OLAYA HERRERA - TX GPRS,20.96964285714286
2017,40,PAJARITO - AUT,18.15095541401274
2017,41,APTO OLAYA HERRERA - TX GPRS,21.823030303030304
2017,41,PAJARITO - AUT,18.887425149700597
2017,42,APTO OLAYA HERRERA - TX GPRS,23.29702380952381
2017,42,PAJARITO - AUT,20.301333333333332
2017,43,APTO OLAYA HERRERA - TX GPRS,20.098809523809525
2017,43,PAJARITO - AUT,17.092307692307692
2017,44,APTO OLAYA HERRERA - TX GPRS,20.985714285714284
2017,44,PAJARITO - AUT,18.063636363636363
2017,45,APTO OLAYA HERRERA - TX GPRS,21.42142857142857
2017,45,PAJARITO - AUT,18.48050314465409
2017,46,APTO OLAYA HERRERA - TX GPRS,20.508490566037736
2017,46,PAJARITO - AUT,17.91845238095238
2017,47,APTO OLAYA HERRERA - TX GPRS,21.45595238095238
2017,47,PAJARITO - AUT,18.607185628742517
2017,48,APTO OLAYA HERRERA - TX GPRS,21.7
2017,48,PAJARITO - AUT,18.79702380952381
2017,49,APTO OLAYA HERRERA - TX GPRS,21.96666666666667
2017,49,PAJARITO - AUT,19.122289156626508
2017,50,APTO OLAYA HERRERA - TX GPRS,21.749700598802395
2017,50,PAJARITO - AUT,18.78452380952381
2017,51,APTO OLAYA HERRERA - TX GPRS,22.432727272727274
2017,51,PAJARITO - AUT,18.91953125
2017,52,APTO OLAYA HERRERA - TX GPRS,20.691071428571426
2017,52,PAJARITO - AUT,17.488356164383564
2018,1,APTO OLAYA HERRERA - TX GPRS,20.739285714285714
2018,1,PAJARITO - AUT,17.64702380952381
2018,2,APTO OLAYA HERRERA - TX GPRS,20.46547619047619
2018,2,PAJARITO - AUT,17.589880952380952
2018,3,APTO OLAYA HERRERA - TX GPRS,20.77797619047619
2018,3,PAJARITO - AUT,17.89345238095238
2018,4,APTO OLAYA HERRERA - TX GPRS,22.17185628742515
2018,4,PAJARITO - AUT,18.968354430379748
2018,5,APTO OLAYA HERRERA - TX GPRS,22.42083333333333
2018,5,PAJARITO - AUT,19.373417721518987
2018,6,APTO OLAYA HERRERA - TX GPRS,22.191071428571426
2018,6,PAJARITO - AUT,19.238983050847455
2018,7,APTO OLAYA HERRERA - TX GPRS,21.399404761904762
2018,8,APTO OLAYA HERRERA - TX GPRS,20.60892857142857
2018,9,APTO OLAYA HERRERA - TX GPRS,21.317857142857143
2018,10,APTO OLAYA HERRERA - TX GPRS,23.16190476190476
2018,10,PAJARITO - AUT,20.468666666666667
2018,11,APTO OLAYA HERRERA - TX GPRS,22.948795180722893
2018,11,PAJARITO - AUT,19.690184049079754
2018,12,APTO OLAYA HERRERA - TX GPRS,21.42797619047619
2018,12,PAJARITO - AUT,18.507142857142856
2018,13,APTO OLAYA HERRERA - TX GPRS,20.98323353293413
2018,13,PAJARITO - AUT,18.107738095238094
2018,14,APTO OLAYA HERRERA - TX GPRS,20.674251497005987
2018,14,PAJARITO - AUT,17.707738095238096
2018,15,APTO OLAYA HERRERA - TX GPRS,20.67305389221557
2018,15,PAJARITO - AUT,17.777380952380952
2018,16,APTO OLAYA HERRERA - TX GPRS,22.17245508982036
2018,16,PAJARITO - AUT,19.211904761904762
2018,17,APTO OLAYA HERRERA - TX GPRS,21.37627118644068
2018,17,PAJARITO - AUT,18.600595238095238
2018,18,APTO OLAYA HERRERA - TX GPRS,21.085714285714285
2018,18,PAJARITO - AUT,18.288095238095238
2018,19,APTO OLAYA HERRERA - TX GPRS,20.196202531645568
2018,19,PAJARITO - AUT,17.656547619047622
2018,20,APTO OLAYA HERRERA - TX GPRS,20.664670658682635
2018,20,PAJARITO - AUT,18.08154761904762
2018,21,APTO OLAYA HERRERA - TX GPRS,21.741071428571427
2018,21,PAJARITO - AUT,18.829761904761906
2018,22,APTO OLAYA HERRERA - TX GPRS,21.60238095238095
2018,22,PAJARITO - AUT,18.89345238095238
2018,23,APTO OLAYA HERRERA - TX GPRS,23.30297619047619
2018,23,PAJARITO - AUT,20.101190476190474
2018,24,APTO OLAYA HERRERA - TX GPRS,22.661676646706585
2018,24,PAJARITO - AUT,19.49345238095238
2018,25,APTO OLAYA HERRERA - TX GPRS,22.46607142857143
2018,25,PAJARITO - AUT,19.09925925925926
2018,26,APTO OLAYA HERRERA - TX GPRS,21.21607142857143
2018,26,PAJARITO - AUT,18.067857142857143
2018,27,APTO OLAYA HERRERA - TX GPRS,22.455357142857142
2018,27,PAJARITO - AUT,19.22202380952381
2018,28,APTO OLAYA HERRERA - TX GPRS,23.669642857142858
2018,28,PAJARITO - AUT,20.31904761904762
2018,29,APTO OLAYA HERRERA - TX GPRS,22.734959349593495
2018,29,PAJARITO - AUT,19.66287878787879
2018,30,PAJARITO - AUT,18.925595238095237
2018,31,APTO OLAYA HERRERA - TX GPRS,19.822222222222223
2018,31,PAJARITO - AUT,17.96964285714286
2018,32,APTO OLAYA HERRERA - TX GPRS,22.95806451612903
2018,32,PAJARITO - AUT,20.45595238095238
2018,33,APTO OLAYA HERRERA - TX GPRS,23.30877192982456
2018,33,PAJARITO - AUT,19.01904761904762
2018,34,APTO OLAYA HERRERA - TX GPRS,23.54702380952381
2018,34,PAJARITO - AUT,20.320238095238096
2018,35,APTO OLAYA HERRERA - TX GPRS,23.10595238095238
2018,35,PAJARITO - AUT,19.77559523809524
2018,36,APTO OLAYA HERRERA - TX GPRS,21.09940476190476
2018,36,PAJARITO - AUT,18.195833333333333
2018,37,APTO OLAYA HERRERA - TX GPRS,21.069642857142856
2018,37,PAJARITO - AUT,18.025
2018,38,APTO OLAYA HERRERA - TX GPRS,22.97202380952381
2018,38,PAJARITO - AUT,19.90714285714286
2018,39,APTO OLAYA HERRERA - TX GPRS,21.81547619047619
2018,39,PAJARITO - AUT,18.950595238095236
2018,40,APTO OLAYA HERRERA - TX GPRS,20.889285714285716
2018,40,PAJARITO - AUT,18.30654761904762
2018,41,APTO OLAYA HERRERA - TX GPRS,20.808333333333334
2018,41,PAJARITO - AUT,18.007142857142856
2018,42,APTO OLAYA HERRERA - TX GPRS,20.83892215568862
2018,42,PAJARITO - AUT,18.008333333333333
2018,43,APTO OLAYA HERRERA - TX GPRS,21.553571428571427
2018,43,PAJARITO - AUT,18.58154761904762
2018,44,APTO OLAYA HERRERA - TX GPRS,20.475460122699385
2018,44,PAJARITO - AUT,17.850595238095238
2018,45,APTO OLAYA HERRERA - TX GPRS,21.097619047619048
2018,45,PAJARITO - AUT,18.454761904761906
2018,46,APTO OLAYA HERRERA - TX GPRS,21.78802395209581
2018,46,PAJARITO - AUT,19.261309523809523
2018,47,APTO OLAYA HERRERA - TX GPRS,21.521428571428572
2018,47,PAJARITO - AUT,18.805357142857144
2018,48,APTO OLAYA HERRERA - TX GPRS,20.939285714285717
2018,48,PAJARITO - AUT,18.199404761904763
2018,49,APTO OLAYA HERRERA - TX GPRS,21.432142857142857
2018,49,PAJARITO - AUT,18.410714285714285
2018,50,APTO OLAYA HERRERA - TX GPRS,22.133734939759034
2018,50,PAJARITO - AUT,19.23035714285714
2018,51,APTO OLAYA HERRERA - TX GPRS,21.872619047619047
2018,51,PAJARITO - AUT,18.84464285714286
2018,52,APTO OLAYA HERRERA - TX GPRS,22.82202380952381
2018,52,PAJARITO - AUT,19.576190476190476
2019,1,APTO OLAYA HERRERA - TX GPRS,23.042261904761904
2019,1,PAJARITO - AUT,20.361904761904764
2019,2,APTO OLAYA HERRERA - TX GPRS,20.583333333333332
2019,2,PAJARITO - AUT,17.78035714285714
2019,3,APTO OLAYA HERRERA - TX GPRS,21.98095238095238
2019,3,PAJARITO - AUT,19.114285714285714
2019,4,APTO OLAYA HERRERA - TX GPRS,23.395238095238096
2019,4,PAJARITO - AUT,20.54285714285714
2019,5,APTO OLAYA HERRERA - TX GPRS,22.15748502994012
2019,5,PAJARITO - AUT,19.011904761904763
2019,6,APTO OLAYA HERRERA - TX GPRS,22.486904761904764
2019,6,PAJARITO - AUT,19.473214285714285
2019,7,APTO OLAYA HERRERA - TX GPRS,23.29047619047619
2019,7,PAJARITO - AUT,20.401190476190475
2019,8,APTO OLAYA HERRERA - TX GPRS,22.194610778443113
2019,8,PAJARITO - AUT,19.22083333333333
2019,9,APTO OLAYA HERRERA - TX GPRS,21.310119047619047
2019,9,PAJARITO - AUT,18.32202380952381
2019,10,APTO OLAYA HERRERA - TX GPRS,22.51497005988024
2019,10,PAJARITO - AUT,19.75654761904762
2019,11,APTO OLAYA HERRERA - TX GPRS,22.529761904761905
2019,11,PAJARITO - AUT,19.82202380952381
2019,12,APTO OLAYA HERRERA - TX GPRS,20.835403726708076
2019,12,PAJARITO - AUT,18.08095238095238
2019,13,APTO OLAYA HERRERA - TX GPRS,21.724999999999998
2019,13,PAJARITO - AUT,19.139880952380953
2019,14,APTO OLAYA HERRERA - TX GPRS,20.841721854304634
2019,14,PAJARITO - AUT,18.254166666666666
2019,15,APTO OLAYA HERRERA - TX GPRS,22.04642857142857
2019,15,PAJARITO - AUT,19.27857142857143
2019,16,APTO OLAYA HERRERA - TX GPRS,21.58622754491018
2019,16,PAJARITO - AUT,18.951785714285716
2019,17,APTO OLAYA HERRERA - TX GPRS,21.8375
2019,17,PAJARITO - AUT,19.198214285714286
2019,18,APTO OLAYA HERRERA - TX GPRS,23.957831325301203
2019,18,PAJARITO - AUT,20.875
2019,19,APTO OLAYA HERRERA - TX GPRS,22.374496644295302
2019,19,PAJARITO - AUT,19.489285714285714
2019,20,APTO OLAYA HERRERA - TX GPRS,21.402380952380952
2019,20,PAJARITO - AUT,18.65059523809524
2019,21,APTO OLAYA HERRERA - TX GPRS,20.9
2019,21,PAJARITO - AUT,18.461904761904762
2019,22,APTO OLAYA HERRERA - TX GPRS,20.816666666666666
2019,22,PAJARITO - AUT,18.09702380952381
2019,23,APTO OLAYA HERRERA - TX GPRS,22.449397590361446
2019,23,PAJARITO - AUT,19.545238095238094
2019,24,APTO OLAYA HERRERA - TX GPRS,22.678915662650603
2019,24,PAJARITO - AUT,19.675
2019,25,APTO OLAYA HERRERA - TX GPRS,23.887012987012987
2019,25,PAJARITO - AUT,20.938095238095237
2019,26,APTO OLAYA HERRERA - TX GPRS,23.20299401197605
2019,26,PAJARITO - AUT,20.110714285714284
2019,27,APTO OLAYA HERRERA - TX GPRS,22.395209580838323
2019,27,PAJARITO - AUT,19.544642857142858
2019,28,APTO OLAYA HERRERA - TX GPRS,22.575595238095236
2019,28,PAJARITO - AUT,19.39404761904762
2019,29,APTO OLAYA HERRERA - TX GPRS,23.461077844311376
2019,29,PAJARITO - AUT,20.297619047619047
2019,30,APTO OLAYA HERRERA - TX GPRS,22.449101796407184
2019,30,PAJARITO - AUT,19.526347305389223
2019,31,APTO OLAYA HERRERA - TX GPRS,23.208
2019,31,PAJARITO - AUT,19.989285714285714
2019,32,APTO OLAYA HERRERA - TX GPRS,24.207926829268292
2019,32,PAJARITO - AUT,20.92142857142857
2019,33,APTO OLAYA HERRERA - TX GPRS,23.229166666666668
2019,33,PAJARITO - AUT,20.074404761904763
2019,34,APTO OLAYA HERRERA - TX GPRS,23.811976047904192
2019,34,PAJARITO - AUT,20.757142857142856
2019,35,APTO OLAYA HERRERA - TX GPRS,23.702962962962964
2019,35,PAJARITO - AUT,20.742401960784314
2019,36,APTO OLAYA HERRERA - TX GPRS,23.765454545454546
2019,36,PAJARITO - AUT,20.916666666666668
2019,37,APTO OLAYA HERRERA - TX GPRS,24.190677966101696
2019,37,PAJARITO - AUT,20.97083333333333
2019,38,APTO OLAYA HERRERA - TX GPRS,20.995
2019,38,PAJARITO - AUT,18.32
2019,39,APTO OLAYA HERRERA - TX GPRS,21.674096385542168
2019,39,PAJARITO - AUT,18.810119047619047
2019,40,APTO OLAYA HERRERA - TX GPRS,21.21437125748503
2019,40,PAJARITO - AUT,18.40952380952381
2019,41,APTO OLAYA HERRERA - TX GPRS,21.376969696969695
2019,41,PAJARITO - AUT,18.51137724550898
2019,42,APTO OLAYA HERRERA - TX GPRS,21.189090909090908
2019,42,PAJARITO - AUT,18.29345238095238
2019,43,APTO OLAYA HERRERA - TX GPRS,20.880434782608695
2019,43,PAJARITO - AUT,18.019277108433734
2019,44,APTO OLAYA HERRERA - TX GPRS,21.735365853658536
2019,44,PAJARITO - AUT,18.938095238095237
2019,45,APTO OLAYA HERRERA - TX GPRS,21.655757575757576
2019,45,PAJARITO - AUT,18.991666666666667
2019,46,APTO OLAYA HERRERA - TX GPRS,20.686666666666667
2019,46,PAJARITO - AUT,17.875
2019,47,APTO OLAYA HERRERA - TX GPRS,20.720606060606062
2019,47,PAJARITO - AUT,17.963690476190475
2019,48,APTO OLAYA HERRERA - TX GPRS,22.634730538922156
2019,48,PAJARITO - AUT,19.71607142857143
2019,49,APTO OLAYA HERRERA - TX GPRS,21.981944444444444
2019,49,PAJARITO - AUT,18.686904761904763
2019,50,APTO OLAYA HERRERA - TX GPRS,21.177380952380954
2019,50,PAJARITO - AUT,18.399404761904762
2019,51,APTO OLAYA HERRERA - TX GPRS,22.5
2019,51,PAJARITO - AUT,19.523214285714285
2019,52,APTO OLAYA HERRERA - TX GPRS,22.94610778443114
2019,52,PAJARITO - AUT,20.22142857142857
2020,1,APTO OLAYA HERRERA - TX GPRS,21.605454545454545
2020,1,PAJARITO - AUT,18.64761904761905
2020,2,APTO OLAYA HERRERA - TX GPRS,22.05398773006135
2020,2,PAJARITO - AUT,18.810119047619047
2020,3,APTO OLAYA HERRERA - TX GPRS,23.6527397260274
2020,3,PAJARITO - AUT,21.092261904761905
2020,4,APTO OLAYA HERRERA - TX GPRS,21.66024844720497
2020,4,PAJARITO - AUT,18.64107142857143
2020,5,APTO OLAYA HERRERA - TX GPRS,22.501204819277106
2020,5,PAJARITO - AUT,19.40833333333333
2020,6,APTO OLAYA HERRERA - TX GPRS,23.31823899371069
2020,6,PAJARITO - AUT,19.95952380952381
2020,7,APTO OLAYA HERRERA - TX GPRS,23.929113924050633
2020,7,PAJARITO - AUT,20.573809523809523
2020,8,APTO OLAYA HERRERA - TX GPRS,23.332919254658385
2020,8,PAJARITO - AUT,20.71547619047619
2020,9,APTO OLAYA HERRERA - TX GPRS,22.817931034482758
2020,9,PAJARITO - AUT,19.772560975609753
2020,10,APTO OLAYA HERRERA - TX GPRS,23.826190476190476
2020,10,PAJARITO - AUT,20.75654761904762
2020,11,APTO OLAYA HERRERA - TX GPRS,22.303571428571427
2020,11,PAJARITO - AUT,19.450595238095236
2020,12,APTO OLAYA HERRERA - TX GPRS,22.37594936708861
2020,12,PAJARITO - AUT,19.07916666666667
2020,13,APTO OLAYA HERRERA - TX GPRS,22.827891156462584
2020,13,PAJARITO - AUT,19.379310344827587
2020,14,APTO OLAYA HERRERA - TX GPRS,22.622377622377623
2020,15,APTO OLAYA HERRERA - TX GPRS,23.511805555555554
2020,16,APTO OLAYA HERRERA - TX GPRS,21.433532934131737
2020,17,APTO OLAYA HERRERA - TX GPRS,21.920359281437126
2020,18,APTO OLAYA HERRERA - TX GPRS,23.235928143712574
2020,19,APTO OLAYA HERRERA - TX GPRS,24.818787878787877
2020,20,APTO OLAYA HERRERA - TX GPRS,23.538607594936707
2020,21,APTO OLAYA HERRERA - TX GPRS,23.55875
2020,22,APTO OLAYA HERRERA - TX GPRS,21.941666666666666
2020,23,APTO OLAYA HERRERA - TX GPRS,22.179166666666667
2020,24,APTO OLAYA HERRERA - TX GPRS,21.921818181818182
2020,25,APTO OLAYA HERRERA - TX GPRS,21.43109756097561
2020,26,APTO OLAYA HERRERA - TX GPRS,22.360509554140126
2020,27,APTO OLAYA HERRERA - TX GPRS,21.517532467532465
2020,28,APTO OLAYA HERRERA - TX GPRS,21.12606060606061
2020,29,APTO OLAYA HERRERA - TX GPRS,22.683832335329342
2020,30,APTO OLAYA HERRERA - TX GPRS,21.11377245508982
2020,31,APTO OLAYA HERRERA - TX GPRS,22.63154761904762
2020,32,APTO OLAYA HERRERA - TX GPRS,23.7144578313253
2020,33,APTO OLAYA HERRERA - TX GPRS,22.53265306122449
2020,34,APTO OLAYA HERRERA - TX GPRS,21.538414634146342
2020,35,APTO OLAYA HERRERA - TX GPRS,21.288622754491016
2020,36,APTO OLAYA HERRERA - TX GPRS,21.273652694610778
2020,37,APTO OLAYA HERRERA - TX GPRS,21.530379746835443
2020,38,APTO OLAYA HERRERA - TX GPRS,21.171794871794873
2020,39,APTO OLAYA HERRERA - TX GPRS,21.707194244604317
2020,40,APTO OLAYA HERRERA - TX GPRS,20.83405797101449
2020,41,APTO OLAYA HERRERA - TX GPRS,21.17910447761194
2020,42,APTO OLAYA HERRERA - TX GPRS,21.753846153846155
2020,43,APTO OLAYA HERRERA - TX GPRS,21.125465838509317
2020,44,APTO OLAYA HERRERA - TX GPRS,21.112676056338028
2020,45,APTO OLAYA HERRERA - TX GPRS,21.37393939393939
2020,46,APTO OLAYA HERRERA - TX GPRS,20.275694444444444
2020,47,APTO OLAYA HERRERA - TX GPRS,20.81556886227545
2020,48,APTO OLAYA HERRERA - TX GPRS,21.475757575757576
2020,49,APTO OLAYA HERRERA - TX GPRS,21.507185628742516
2020,50,APTO OLAYA HERRERA - TX GPRS,21.87702702702703
2020,51,APTO OLAYA HERRERA - TX GPRS,21.86625
2020,52,APTO OLAYA HERRERA - TX GPRS,21.16216216216216
2020,53,APTO OLAYA HERRERA - TX GPRS,21.34331210191083
2021,1,APTO OLAYA HERRERA - TX GPRS,20.79824561403509
2021,2,APTO OLAYA HERRERA - TX GPRS,22.226595744680854
2021,3,APTO OLAYA HERRERA - TX GPRS,22.061486486486487
2021,4,APTO OLAYA HERRERA - TX GPRS,22.497350993377484
2021,5,APTO OLAYA HERRERA - TX GPRS,23.397959183673468
2021,6,APTO OLAYA HERRERA - TX GPRS,21.885802469135804
2021,7,APTO OLAYA HERRERA - TX GPRS,21.081617647058824
2021,8,APTO OLAYA HERRERA - TX GPRS,22.01095890410959
2021,9,APTO OLAYA HERRERA - TX GPRS,21.064462809917355
2021,10,APTO OLAYA HERRERA - TX GPRS,20.119266055045873
2021,11,APTO OLAYA HERRERA - TX GPRS,19.77338129496403
2021,12,APTO OLAYA HERRERA - TX GPRS,20.632608695652173
2021,13,APTO OLAYA HERRERA - TX GPRS,21.968852459016393
2021,14,APTO OLAYA HERRERA - TX GPRS,21.49051724137931
2021,15,APTO OLAYA HERRERA - TX GPRS,22.4336
2021,16,APTO OLAYA HERRERA - TX GPRS,27.0
2021,18,APTO OLAYA HERRERA - TX GPRS,18.333333333333332
2021,19,APTO OLAYA HERRERA - TX GPRS,21.724999999999998
2021,20,APTO OLAYA HERRERA - TX GPRS,22.010778443113775
2021,21,APTO OLAYA HERRERA - TX GPRS,21.375595238095237
2021,22,APTO OLAYA HERRERA - TX GPRS,21.811904761904763
2021,23,APTO OLAYA HERRERA - TX GPRS,20.729936305732483
2021,24,APTO OLAYA HERRERA - TX GPRS,21.65952380952381
2021,25,APTO OLAYA HERRERA - TX GPRS,20.59583333333333
2021,26,APTO OLAYA HERRERA - TX GPRS,22.07857142857143
2021,27,APTO OLAYA HERRERA - TX GPRS,22.5874251497006
2021,28,APTO OLAYA HERRERA - TX GPRS,22.665269461077845
2021,29,APTO OLAYA HERRERA - TX GPRS,22.704790419161675
2021,30,APTO OLAYA HERRERA - TX GPRS,22.093333333333334
2021,31,APTO OLAYA HERRERA - TX GPRS,22.59820359281437
2021,32,APTO OLAYA HERRERA - TX GPRS,21.43956834532374
2021,33,APTO OLAYA HERRERA - TX GPRS,20.85462962962963
2021,34,APTO OLAYA HERRERA - TX GPRS,21.30328947368421
2021,35,APTO OLAYA HERRERA - TX GPRS,21.0
2021,36,APTO OLAYA HERRERA - TX GPRS,20.991071428571427
2021,37,APTO OLAYA HERRERA - TX GPRS,22.90974025974026
2021,38,APTO OLAYA HERRERA - TX GPRS,21.572027972027975
2021,39,APTO OLAYA HERRERA - TX GPRS,21.138690476190476
2021,40,APTO OLAYA HERRERA - TX GPRS,22.26095890410959
2021,41,APTO OLAYA HERRERA - TX GPRS,21.166060606060608
2021,42,APTO OLAYA HERRERA - TX GPRS,21.2375
2021,43,APTO OLAYA HERRERA - TX GPRS,20.47142857142857
2021,44,APTO OLAYA HERRERA - TX GPRS,21.271856287425152
2021,45,APTO OLAYA HERRERA - TX GPRS,20.645454545454545
2021,46,APTO OLAYA HERRERA - TX GPRS,21.20969696969697
2021,47,APTO OLAYA HERRERA - TX GPRS,20.374305555555555
2021,48,APTO OLAYA HERRERA - TX GPRS,21.5
2021,49,APTO OLAYA HERRERA - TX GPRS,21.982738095238094
2021,50,APTO OLAYA HERRERA - TX GPRS,21.126190476190477
2021,51,APTO OLAYA HERRERA - TX GPRS,21.88132530120482
2021,52,APTO OLAYA HERRERA - TX GPRS,21.106586826347307
2022,1,APTO OLAYA HERRERA - TX GPRS,20.566917293233082
2022,2,APTO OLAYA HERRERA - TX GPRS,20.731137724550898
2022,3,APTO OLAYA HERRERA - TX GPRS,21.971069182389936
2022,4,APTO OLAYA HERRERA - TX GPRS,21.27090909090909
2022,5,APTO OLAYA HERRERA - TX GPRS,21.111904761904764
2022,6,APTO OLAYA HERRERA - TX GPRS,20.736526946107784
2022,7,APTO OLAYA HERRERA - TX GPRS,20.76904761904762
2022,8,APTO OLAYA HERRERA - TX GPRS,21.449166666666667
2022,9,APTO OLAYA HERRERA - TX GPRS,20.1030303030303
2022,10,APTO OLAYA HERRERA - TX GPRS,20.208928571428572
2022,11,APTO OLAYA HERRERA - TX GPRS,20.26923076923077
2022,12,APTO OLAYA HERRERA - TX GPRS,20.975641025641025
2022,13,APTO OLAYA HERRERA - TX GPRS,20.84166666666667
2022,14,APTO OLAYA HERRERA - TX GPRS,21.333333333333332
2022,15,APTO OLAYA HERRERA - TX GPRS,22.692168674698795
2022,16,APTO OLAYA HERRERA - TX GPRS,20.311377245508982
2022,17,APTO OLAYA HERRERA - TX GPRS,21.389285714285716
2022,18,APTO OLAYA HERRERA - TX GPRS,22.071875
2022,19,APTO OLAYA HERRERA - TX GPRS,21.629411764705882
2022,20,APTO OLAYA HERRERA - TX GPRS,20.8984375
2022,21,APTO OLAYA HERRERA - TX GPRS,21.515686274509804
2022,22,APTO OLAYA HERRERA - TX GPRS,20.0937106918239
2022,23,APTO OLAYA HERRERA - TX GPRS,19.97185628742515
2022,24,APTO OLAYA HERRERA - TX GPRS,20.261963190184048
2022,25,APTO OLAYA HERRERA - TX GPRS,20.866666666666667
2022,26,APTO OLAYA HERRERA - TX GPRS,20.321374045801527
2022,27,APTO OLAYA HERRERA - TX GPRS,22.782781456953643
2022,28,APTO OLAYA HERRERA - TX GPRS,21.89079754601227
2022,29,APTO OLAYA HERRERA - TX GPRS,22.15766871165644
2022,30,APTO OLAYA HERRERA - TX GPRS,21.070833333333333
2022,31,APTO OLAYA HERRERA - TX GPRS,21.03469387755102
2022,32,APTO OLAYA HERRERA - TX GPRS,22.28358208955224
2022,33,APTO OLAYA HERRERA - TX GPRS,21.58
2022,34,APTO OLAYA HERRERA - TX GPRS,21.11060606060606
2022,35,APTO OLAYA HERRERA - TX GPRS,21.26732026143791
2022,36,APTO OLAYA HERRERA - TX GPRS,22.178523489932886
2022,37,APTO OLAYA HERRERA - TX GPRS,20.644144144144143
2022,38,APTO OLAYA HERRERA - TX GPRS,19.575177304964537
2022,39,APTO OLAYA HERRERA - TX GPRS,21.166666666666668
2022,40,APTO OLAYA HERRERA - TX GPRS,20.978343949044586
2022,41,APTO OLAYA HERRERA - TX GPRS,21.149640287769785
2022,42,APTO OLAYA HERRERA - TX GPRS,20.28684210526316
2022,43,APTO OLAYA HERRERA - TX GPRS,20.33032258064516
2022,44,APTO OLAYA HERRERA - TX GPRS,20.833750000000002
2022,45,APTO OLAYA HERRERA - TX GPRS,21.18
2022,48,APTO OLAYA HERRERA - TX GPRS,20.673333333333336
2022,49,APTO OLAYA HERRERA - TX GPRS,19.698245614035088
2022,50,APTO OLAYA HERRERA - TX GPRS,21.24
2022,51,APTO OLAYA HERRERA - TX GPRS,21.975
2022,52,APTO OLAYA HERRERA - TX GPRS,21.0125748502994
2023,1,APTO OLAYA HERRERA - TX GPRS,20.141916167664668
2023,2,APTO OLAYA HERRERA - TX GPRS,20.081595092024543
2023,3,APTO OLAYA HERRERA - TX GPRS,20.753048780487806
2023,4,APTO OLAYA HERRERA - TX GPRS,22.263030303030302
2023,5,APTO OLAYA HERRERA - TX GPRS,21.62450331125828
2023,6,APTO OLAYA HERRERA - TX GPRS,22.29268292682927
2023,7,APTO OLAYA HERRERA - TX GPRS,21.904838709677417
2023,8,APTO OLAYA HERRERA - TX GPRS,21.464383561643835
2023,9,APTO OLAYA HERRERA - TX GPRS,23.304191616766467
2023,10,APTO OLAYA HERRERA - TX GPRS,20.172327044025156
2023,11,APTO OLAYA HERRERA - TX GPRS,20.269375
2023,12,APTO OLAYA HERRERA - TX GPRS,21.30179640718563
2023,13,APTO OLAYA HERRERA - TX GPRS,21.350299401197606
2023,14,APTO OLAYA HERRERA - TX GPRS,22.07125748502994
2023,15,APTO OLAYA HERRERA - TX GPRS,21.789285714285715
2023,16,APTO OLAYA HERRERA - TX GPRS,21.226190476190474
2023,17,APTO OLAYA HERRERA - TX GPRS,21.630357142857143
2023,18,APTO OLAYA HERRERA - TX GPRS,24.325301204819276
2023,19,APTO OLAYA HERRERA - TX GPRS,23.325000000000003
2023,20,APTO OLAYA HERRERA - TX GPRS,22.6125
2023,21,APTO OLAYA HERRERA - TX GPRS,21.23392857142857
2023,22,APTO OLAYA HERRERA - TX GPRS,21.655151515151516
2023,23,APTO OLAYA HERRERA - TX GPRS,22.419999999999998
2023,24,APTO OLAYA HERRERA - TX GPRS,23.802777777777777
2023,25,APTO OLAYA HERRERA - TX GPRS,23.107185628742517
2023,26,APTO OLAYA HERRERA - TX GPRS,23.19754601226994
2023,27,APTO OLAYA HERRERA - TX GPRS,21.725149700598802
2023,28,APTO OLAYA HERRERA - TX GPRS,24.028915662650604
2023,29,APTO OLAYA HERRERA - TX GPRS,23.854491017964072
2023,30,APTO OLAYA HERRERA - TX GPRS,23.495238095238093
2023,31,APTO OLAYA HERRERA - TX GPRS,24.522891566265063
2023,32,APTO OLAYA HERRERA - TX GPRS,24.048502994011976
2023,33,APTO OLAYA HERRERA - TX GPRS,22.863095238095237
2023,34,APTO OLAYA HERRERA - TX GPRS,22.4688622754491
2023,35,APTO OLAYA HERRERA - TX GPRS,23.563855421686746
2023,36,APTO OLAYA HERRERA - TX GPRS,23.673493975903614
2023,37,APTO OLAYA HERRERA - TX GPRS,23.479166666666668
2023,37,OLAYA HERRERA,23.410730088495573
2023,38,OLAYA HERRERA,23.689397406559877
2023,39,OLAYA HERRERA,23.485724779627816
2023,40,OLAYA HERRERA,21.578664658634537
2023,41,OLAYA HERRERA,22.809390178089586
2024,11,OLAYA HERRERA,26.184149988497815
2024,12,OLAYA HERRERA,24.36391053028399
2024,13,OLAYA HERRERA,23.83074012768976
2024,14,OLAYA HERRERA,22.900250916811427
2024,15,OLAYA HERRERA,25.313658254671548
2024,16,OLAYA HERRERA,22.961207561728394
2024,17,OLAYA HERRERA,21.994231635872012
2024,18,OLAYA HERRERA,22.53710292249047
2024,19,OLAYA HERRERA,22.351210165389272
2024,20,OLAYA HERRERA,23.364900273758312
2024,21,OLAYA HERRERA,22.920796812749003
2024,22,OLAYA HERRERA,23.524727348993288
2024,23,OLAYA HERRERA,22.7854714064915
2024,24,AEROPUERTO OLAYA HERRERA,22.710693641618494
2024,24,OLAYA HERRERA,22.88816914080072
2024,25,AEROPUERTO OLAYA HERRERA,22.470892926169306
2024,26,AEROPUERTO OLAYA HERRERA,21.620119714230547
2024,27,AEROPUERTO OLAYA HERRERA,22.036181292189006
2024,28,AEROPUERTO OLAYA HERRERA,23.847117988394587
2024,29,AEROPUERTO OLAYA HERRERA,24.202353169972774
2024,30,AEROPUERTO OLAYA HERRERA,24.238905180840664
2024,31,AEROPUERTO OLAYA HERRERA,24.394911195370184
2024,32,AEROPUERTO OLAYA HERRERA,21.73561590688652
2024,33,AEROPUERTO OLAYA HERRERA,23.98687984496124
2024,34,AEROPUERTO OLAYA HERRERA,23.35538997484033
2024,35,AEROPUERTO OLAYA HERRERA,23.108324574311542
2024,36,AEROPUERTO OLAYA HERRERA,23.604230006609388
2024,37,AEROPUERTO OLAYA HERRERA,24.160253456221195
2024,38,AEROPUERTO OLAYA HERRERA,21.223670212765956
2024,39,AEROPUERTO OLAYA HERRERA,21.134998564455927
2024,40,AEROPUERTO OLAYA HERRERA,20.93419602204649
2024,41,AEROPUERTO OLAYA HERRERA,20.44152163102934
2024,42,AEROPUERTO OLAYA HERRERA,21.10994082840237
2024,43,AEROPUERTO OLAYA HERRERA,21.899759807846277
2024,44,AEROPUERTO OLAYA HERRERA,20.394182389937107
2024,44,SANTA ELENA,13.475
2024,45,AEROPUERTO OLAYA HERRERA,20.111006546644845
2024,45,SANTA ELENA,13.025179856115107
2024,46,AEROPUERTO OLAYA HERRERA,20.368267617449664
2024,46,SANTA ELENA,12.608383233532933
2024,47,AEROPUERTO OLAYA HERRERA,20.560953865336657
2024,47,SANTA ELENA,12.921084337349399
2024,48,AEROPUERTO OLAYA HERRERA,22.13741551770749
2024,48,SANTA ELENA,13.954268292682928
2024,49,AEROPUERTO OLAYA HERRERA,21.990038469325775
2024,49,SANTA ELENA,13.53012048192771
2024,50,AEROPUERTO OLAYA HERRERA,21.837689050211736
2024,50,SANTA ELENA,13.146012269938652
2024,51,AEROPUERTO OLAYA HERRERA,21.91432776077231
2024,51,SANTA ELENA,13.59375
2024,52,AEROPUERTO OLAYA HERRERA,21.011768292682927
2024,52,SANTA ELENA,13.270807453416149
2025,1,AEROPUERTO OLAYA HERRERA,20.57744162436548
2025,1,SANTA ELENA,12.885975609756098
2025,2,AEROPUERTO OLAYA HERRERA,22.158903830480845
2025,2,SANTA ELENA,13.661585365853659
2025,3,AEROPUERTO OLAYA HERRERA,21.832254740313275
2025,3,SANTA ELENA,13.142073170731708
2025,4,AEROPUERTO OLAYA HERRERA,21.458753959873285
2025,4,SANTA ELENA,13.044025157232705
2025,5,AEROPUERTO OLAYA HERRERA,23.038157248157248
2025,5,SANTA ELENA,14.226086956521739
2025,6,AEROPUERTO OLAYA HERRERA,22.12428774928775
2025,6,SANTA ELENA,13.34
2025,9,AEROPUERTO OLAYA HERRERA,22.175354200988465
2025,9,SANTA ELENA,13.561739130434782
2025,10,AEROPUERTO OLAYA HERRERA,21.460785141409875
2025,10,SANTA ELENA,13.248809523809525
2025,11,AEROPUERTO OLAYA HERRERA,21.89274994715705
2025,11,SANTA ELENA,13.191566265060242
2025,12,AEROPUERTO OLAYA HERRERA,22.698147394136807
2025,12,SANTA ELENA,13.268235294117646
2025,13,AEROPUERTO OLAYA HERRERA,21.794804663530375
2025,13,SANTA ELENA,12.932857142857141
2025,14,AEROPUERTO OLAYA HERRERA,20.985369807497467
2025,14,SANTA ELENA,13.233939393939393
2025,15,AEROPUERTO OLAYA HERRERA,21.515658506979566
2025,15,SANTA ELENA,13.811805555555557
2025,16,AEROPUERTO OLAYA HERRERA,23.17298167908194
2025,16,SANTA ELENA,14.692215568862276
2025,17,AEROPUERTO OLAYA HERRERA,20.982921852683127
2025,17,SANTA ELENA,13.263473053892216
2025,18,AEROPUERTO OLAYA HERRERA,20.629250288350637
2025,18,SANTA ELENA,13.269642857142859
2025,19,AEROPUERTO OLAYA HERRERA,20.919939332659254
2025,19,SANTA ELENA,13.46547619047619
2025,20,AEROPUERTO OLAYA HERRERA,21.40747114800567
2025,20,SANTA ELENA,13.830538922155688
2025,21,AEROPUERTO OLAYA HERRERA,20.89089605734767
2025,21,SANTA ELENA,13.553191489361701
2025,23,AEROPUERTO OLAYA HERRERA,22.50428402366864
2025,23,SANTA ELENA,14.243055555555555
2025,24,AEROPUERTO OLAYA HERRERA,20.623286004056794
2025,24,SANTA ELENA,13.22857142857143
2025,25,AEROPUERTO OLAYA HERRERA,21.940730964467008
2025,25,SANTA ELENA,13.938095238095238
2025,26,AEROPUERTO OLAYA HERRERA,21.231901465798046
2025,26,SANTA ELENA,13.506586826347306
2025,27,AEROPUERTO OLAYA HERRERA,22.530155482815058
2025,27,SANTA ELENA,13.792168674698795
2025,28,AEROPUERTO OLAYA HERRERA,22.58503152328656
2025,28,SANTA ELENA,13.81616766467066
2025,29,AEROPUERTO OLAYA HERRERA,23.504934010152287
2025,29,SANTA ELENA,14.300602409638556
2025,30,AEROPUERTO OLAYA HERRERA,23.21021014646572
2025,30,SANTA ELENA,14.0825
2025,31,AEROPUERTO OLAYA HERRERA,22.963441340782122
2025,31,SANTA ELENA,14.140476190476189
2025,32,AEROPUERTO OLAYA HERRERA,21.17530612244898
2025,32,SANTA ELENA,12.904790419161676
2025,33,AEROPUERTO OLAYA HERRERA,21.349600982197668
2025,33,SANTA ELENA,13.038095238095238
2025,34,AEROPUERTO OLAYA HERRERA,21.911307707952002
2025,34,SANTA ELENA,13.854166666666666
2025,35,AEROPUERTO OLAYA HERRERA,22.84076655052265
2025,35,SANTA ELENA,13.899305555555555
2025,36,AEROPUERTO OLAYA HERRERA,21.387696335078534
2025,36,SANTA ELENA,13.512765957446808
2025,37,AEROPUERTO OLAYA HERRERA,23.136000000000003
2025,37,SANTA ELENA,14.171631205673759
2025,38,AEROPUERTO OLAYA HERRERA,22.108210180623974
2025,38,SANTA ELENA,13.437575757575756
2025,39,AEROPUERTO OLAYA HERRERA,21.997861877271756
2025,39,SANTA ELENA,13.81717791411043
2025,40,AEROPUERTO OLAYA HERRERA,21.10659295659296
2025,40,SANTA ELENA,13.29578313253012
2025,41,AEROPUERTO OLAYA HERRERA,20.488310351924262
2025,41,SANTA ELENA,12.67245508982036
2025,42,AEROPUERTO OLAYA HERRERA,20.9750101999184
2025,42,SANTA ELENA,12.882822085889572
2025,43,AEROPUERTO OLAYA HERRERA,20.804600595101853
2025,43,SANTA ELENA,13.252727272727272
2025,44,AEROPUERTO OLAYA HERRERA,22.256379700020545
2025,44,SANTA ELENA,13.733333333333333
2025,45,AEROPUERTO OLAYA HERRERA,22.143509714758164
2025,45,SANTA ELENA,13.915243902439023
2025,46,AEROPUERTO OLAYA HERRERA,20.928671328671328
2025,46,SANTA ELENA,13.310240963855422
2025,47,AEROPUERTO OLAYA HERRERA,21.338032516978803
2025,47,SANTA ELENA,13.155000000000001
2025,48,AEROPUERTO OLAYA HERRERA,21.794082332761576
2025,48,SANTA ELENA,13.369047619047619
2025,49,AEROPUERTO OLAYA HERRERA,20.318259803921567
2025,49,SANTA ELENA,12.488414634146341
2025,50,AEROPUERTO OLAYA HERRERA,21.767103914736627
2025,50,SANTA ELENA,13.260975609756098
2025,51,AEROPUERTO OLAYA HERRERA,21.535511129431164
2025,51,SANTA ELENA,13.303636363636363
2025,52,AEROPUERTO OLAYA HERRERA,21.458700553392088
2025,52,SANTA ELENA,12.420121951219512
2026,1,AEROPUERTO OLAYA HERRERA,22.125438054009482
2026,1,SANTA ELENA,13.549056603773586
2026,2,AEROPUERTO OLAYA HERRERA,20.176851660821125
2026,2,SANTA ELENA,12.478881987577639
2026,3,AEROPUERTO OLAYA HERRERA,20.836889250814334
2026,3,SANTA ELENA,13.181212121212122
2026,4,AEROPUERTO OLAYA HERRERA,22.125889890840057
2026,4,SANTA ELENA,13.494326241134752
2026,5,AEROPUERTO OLAYA HERRERA,20.82350020686802
2026,5,SANTA ELENA,12.941614906832298
2026,6,AEROPUERTO OLAYA HERRERA,20.85641130684146
2026,6,SANTA ELENA,12.617177914110428
2026,7,AEROPUERTO OLAYA HERRERA,21.25342154227827
2026,7,SANTA ELENA,13.073456790123457
2026,8,AEROPUERTO OLAYA HERRERA,21.346674953387197
2026,8,SANTA ELENA,13.225903614457831
2026,9,AEROPUERTO OLAYA HERRERA,21.663027245206862
2026,9,SANTA ELENA,13.621341463414634
2026,10,AEROPUERTO OLAYA HERRERA,21.77004266786436
2026,10,SANTA ELENA,13.638181818181819
2026,11,AEROPUERTO OLAYA HERRERA,21.763471449185737
2026,11,SANTA ELENA,13.346951219512196
2026,12,AEROPUERTO OLAYA HERRERA,21.83997113997114
2026,12,SANTA ELENA,13.213414634146341
2026,13,AEROPUERTO OLAYA HERRERA,21.22798755186722
2026,13,SANTA ELENA,13.337724550898205
2026,14,AEROPUERTO OLAYA HERRERA,21.70021873135812
2026,14,SANTA ELENA,13.308982035928143
2026,15,AEROPUERTO OLAYA HERRERA,22.945212355212355
2026,15,SANTA ELENA,14.494047619047619
2026,16,AEROPUERTO OLAYA HERRERA,21.471902740254727
2026,16,SANTA ELENA,13.607975460122699
2026,17,AEROPUERTO OLAYA HERRERA,21.544980694980694
2026,17,SANTA ELENA,13.044642857142858
2026,18,AEROPUERTO OLAYA HERRERA,22.021829762594095
2026,18,SANTA ELENA,13.943452380952381
2026,19,AEROPUERTO OLAYA HERRERA,23.659032383925087
2026,19,SANTA ELENA,14.611904761904762
2026,20,AEROPUERTO OLAYA HERRERA,23.663761261261264
2026,20,SANTA ELENA,14.904861111111112
2026,21,AEROPUERTO OLAYA HERRERA,23.945381917381138
2026,21,SANTA ELENA,15.159638554216867
2026,22,AEROPUERTO OLAYA HERRERA,23.540511328206193
2026,22,SANTA ELENA,15.039880952380951
2026,23,AEROPUERTO OLAYA HERRERA,22.234878331402086
2026,23,SANTA ELENA,14.08095238095238
2026,24,AEROPUERTO OLAYA HERRERA,22.243818681318682
2026,24,SANTA ELENA,14.032121212121213
2026,25,AEROPUERTO OLAYA HERRERA,22.71085210577865
2026,25,SANTA ELENA,14.047272727272729
2026,26,AEROPUERTO OLAYA HERRERA,23.869750820938766
2026,26,SANTA ELENA,14.46547619047619
2026,27,AEROPUERTO OLAYA HERRERA,23.856614173228344
2026,27,SANTA ELENA,14.531343283582089
2026,28,AEROPUERTO OLAYA HERRERA,24.326195952161914
2026,28,SANTA ELENA,14.797902097902098
2026,29,AEROPUERTO OLAYA HERRERA,24.442712322595177
2026,29,SANTA ELENA,14.767460317460317
